id	file	claimed_line	quotes_located	result
P-K9R-001-b	reports/stage_e10_research/regime/hu_pan_wang_zhu_nber_w25817.txt	291	1	OK L291:verbatim
P-K9R-001-c	reports/stage_e10_research/regime/hu_pan_wang_zhu_nber_w25817.txt	297	1	OK L297:verbatim
P-K9R-001-d	reports/stage_e10_research/regime/hu_pan_wang_zhu_nber_w25817.txt	1588	1	NOT FOUND NOTFOUND
P-K9R-001-e#1	reports/stage_e10_research/regime/hu_pan_wang_zhu_nber_w25817.txt	1609	1	OK L1610:verbatim
P-K9R-001-e#2	reports/stage_e10_research/regime/hu_pan_wang_zhu_nber_w25817.txt	1610	1	OK L1610:verbatim
P-K9R-001-f#1	reports/stage_e10_research/regime/hu_pan_wang_zhu_nber_w25817.txt	1619	2	OK L1620:verbatim,L1620:verbatim
P-K9R-001-f#2	reports/stage_e10_research/regime/hu_pan_wang_zhu_nber_w25817.txt	1620	2	OK L1620:verbatim,L1620:verbatim
P-K9R-001-h	reports/stage_e10_research/regime/hu_pan_wang_zhu_nber_w25817.txt	859	2	NOT FOUND L859:verbatim,NOTFOUND
P-K9R-002-a	reports/stage_e10_research/regime/giot_uclouvain.txt	19	1	OK L19:verbatim
P-K9R-002-c#1	reports/stage_e10_research/regime/giot_uclouvain.txt	613	0	no quote located for this id in the catalog text (evidence-only or quoted under another id)
P-K9R-002-c#2	reports/stage_e10_research/regime/giot_uclouvain.txt	614	0	no quote located for this id in the catalog text (evidence-only or quoted under another id)
P-K9R-002-c#3	reports/stage_e10_research/regime/giot_uclouvain.txt	615	0	no quote located for this id in the catalog text (evidence-only or quoted under another id)
P-K9R-003-b	reports/stage_e10_research/regime/simon_wiggins_2001_ideas.html	33	1	OK L97:verbatim
P-K9R-004-a	reports/stage_e10_research/regime/fassas_hourvouliades_2019_jrfm.txt	494	1	OK L496:verbatim
P-K9R-004-b	reports/stage_e10_research/regime/fassas_hourvouliades_2019_jrfm.txt	500	1	OK L502:verbatim
P-K9R-004-c	reports/stage_e10_research/regime/fassas_hourvouliades_2019_jrfm.txt	523	1	OK L523:verbatim
P-K9R-004-d	reports/stage_e10_research/regime/fassas_hourvouliades_2019_jrfm.txt	547	2	OK L547:verbatim,L548:verbatim
P-K9R-005-a	reports/stage_e10_research/regime/lubnau_todorova_2015_ideas.html	33	1	OK L97:verbatim
P-K9R-008-a	reports/stage_e10_research/regime/moreira_muir_nber_w22208.txt	56	1	OK L56:verbatim
P-K9R-012-a	reports/stage_e10_research/regime/sentana_wadhwani_1992_ideas.html	33	1	OK L97:verbatim
P-K9R-014-b (as logged, one piece)	reports/stage_e10_research/regime/bianco_corsi_reno_2009_pnas.txt	-	1	OK L96:pieces
P-K9C-001-a	reports/stage_e10_research/calendar/savor_wilson_2013_draft.txt	47	1	OK L47:verbatim
P-K9C-002-a	reports/stage_e10_research/calendar/ai_bansal_2018_econometrica.txt	45	1	NOT FOUND NOTFOUND
P-K9C-003-a	reports/stage_e10_research/calendar/ai_bansal_guo_2023_w31923.txt	100	1	OK L100:verbatim
P-K9C-003-b#1	reports/stage_e10_research/calendar/ai_bansal_guo_2023_w31923.txt	122	1	OK L124:verbatim
P-K9C-003-b#2	reports/stage_e10_research/calendar/ai_bansal_guo_2023_w31923.txt	123	1	OK L124:verbatim
P-K9C-003-b#3	reports/stage_e10_research/calendar/ai_bansal_guo_2023_w31923.txt	124	1	OK L124:verbatim
P-K9C-003-c	reports/stage_e10_research/calendar/ai_bansal_guo_2023_w31923.txt	131	1	OK L131:verbatim
P-K9C-003-d	reports/stage_e10_research/calendar/ai_bansal_guo_2023_w31923.txt	110	1	OK L110:verbatim
P-K9C-003-e	reports/stage_e10_research/calendar/ai_bansal_guo_2023_w31923.txt	141	2	OK L143:verbatim,L141:verbatim
P-K9C-004-b	reports/stage_e10_research/calendar/ernst_gilbert_hrdlicka_2021.txt	163	1	OK L163:verbatim
P-K9C-004-c#1	reports/stage_e10_research/calendar/ernst_gilbert_hrdlicka_2021.txt	176	1	OK L178:verbatim
P-K9C-004-c#2	reports/stage_e10_research/calendar/ernst_gilbert_hrdlicka_2021.txt	178	1	OK L178:verbatim
P-K9C-007-a	reports/stage_e10_research/calendar/kurov_wolfe_gilbert_2020.txt	19	1	OK L21:hyphen
C-K9R-001-1	reports/stage_e10_research/regime/hu_pan_wang_zhu_nber_w25817.txt	1585	8	OK L2014:verbatim,L1585:verbatim,L879:hyphen,L1771:verbatim,L2004:verbatim,L1610:verbatim,L1688:verbatim,L1627:verbatim
C-K9R-001-2	reports/stage_e10_research/regime/hu_pan_wang_zhu_nber_w25817.txt	1569	5	OK L2032:verbatim,L1569:verbatim,L1600:verbatim,L1610:verbatim,L1683:verbatim
C-K9R-001-3	reports/stage_e10_research/regime/hu_pan_wang_zhu_nber_w25817.txt	1626	1	OK L1626:verbatim
C-K9R-001-4	reports/stage_e10_research/regime/hu_pan_wang_zhu_nber_w25817.txt	1601	0	no quote located for this id in the catalog text (evidence-only or quoted under another id)
C-K9R-001-5	reports/stage_e10_research/regime/hu_pan_wang_zhu_nber_w25817.txt	1602	0	no quote located for this id in the catalog text (evidence-only or quoted under another id)
C-K9R-001-6	reports/stage_e10_research/regime/hu_pan_wang_zhu_nber_w25817.txt	1623	1	OK L1623:verbatim
C-K9R-001-7	reports/stage_e10_research/regime/hu_pan_wang_zhu_nber_w25817.txt	1627	1	OK L1627:verbatim
C-K9R-001-8	reports/stage_e10_research/regime/hu_pan_wang_zhu_nber_w25817.txt	1628	1	OK L1628:verbatim
C-K9R-001-9	reports/stage_e10_research/regime/hu_pan_wang_zhu_nber_w25817.txt	1014	1	OK L1014:verbatim
C-K9R-001-10	reports/stage_e10_research/regime/hu_pan_wang_zhu_nber_w25817.txt	878	1	OK L879:hyphen
C-K9R-001-11	reports/stage_e10_research/regime/hu_pan_wang_zhu_nber_w25817.txt	1688	1	OK L1688:verbatim
C-K9R-001-12	reports/stage_e10_research/regime/hu_pan_wang_zhu_nber_w25817.txt	2014	1	OK L2014:verbatim
C-K9R-001-13	reports/stage_e10_research/regime/hu_pan_wang_zhu_nber_w25817.txt	2004	1	OK L2004:verbatim
C-K9R-001-14	reports/stage_e10_research/regime/hu_pan_wang_zhu_nber_w25817.txt	1753	0	no quote located for this id in the catalog text (evidence-only or quoted under another id)
C-K9R-001-15	reports/stage_e10_research/regime/hu_pan_wang_zhu_nber_w25817.txt	1771	1	OK L1771:verbatim
C-K9R-001-16	reports/stage_e10_research/regime/hu_pan_wang_zhu_nber_w25817.txt	1780	0	no quote located for this id in the catalog text (evidence-only or quoted under another id)
C-K9R-001-17	reports/stage_e10_research/regime/hu_pan_wang_zhu_nber_w25817.txt	1004	0	no quote located for this id in the catalog text (evidence-only or quoted under another id)
C-K9R-001-18	reports/stage_e10_research/regime/hu_pan_wang_zhu_nber_w25817.txt	1572	1	OK L1627:verbatim
C-K9R-001-19	reports/stage_e10_research/regime/hu_pan_wang_zhu_nber_w25817.txt	1606	0	no quote located for this id in the catalog text (evidence-only or quoted under another id)
C-K9R-001-20	reports/stage_e10_research/regime/hu_pan_wang_zhu_nber_w25817.txt	291	0	no quote located for this id in the catalog text (evidence-only or quoted under another id)
C-K9R-004-1	reports/stage_e10_research/regime/fassas_hourvouliades_2019_jrfm.txt	133	5	OK L133:verbatim,L471:verbatim,L466:verbatim,L196:verbatim,L523:verbatim
C-K9R-004-2	reports/stage_e10_research/regime/fassas_hourvouliades_2019_jrfm.txt	134	1	OK L135:verbatim
C-K9R-004-3	reports/stage_e10_research/regime/fassas_hourvouliades_2019_jrfm.txt	141	1	OK L141:verbatim
C-K9R-004-4	reports/stage_e10_research/regime/fassas_hourvouliades_2019_jrfm.txt	147	1	OK L147:verbatim
C-K9R-004-5	reports/stage_e10_research/regime/fassas_hourvouliades_2019_jrfm.txt	148	1	OK L148:verbatim
C-K9R-004-6	reports/stage_e10_research/regime/fassas_hourvouliades_2019_jrfm.txt	152	1	OK L152:verbatim
C-K9R-004-7	reports/stage_e10_research/regime/fassas_hourvouliades_2019_jrfm.txt	473	1	OK L473:verbatim
C-K9R-004-8	reports/stage_e10_research/regime/fassas_hourvouliades_2019_jrfm.txt	596	1	OK L596:verbatim
C-K9R-004-9	reports/stage_e10_research/regime/fassas_hourvouliades_2019_jrfm.txt	566	0	no quote located for this id in the catalog text (evidence-only or quoted under another id)
C-K9R-004-10	reports/stage_e10_research/regime/fassas_hourvouliades_2019_jrfm.txt	567	0	no quote located for this id in the catalog text (evidence-only or quoted under another id)
C-K9R-004-11	reports/stage_e10_research/regime/fassas_hourvouliades_2019_jrfm.txt	568	0	no quote located for this id in the catalog text (evidence-only or quoted under another id)
C-K9R-004-12	reports/stage_e10_research/regime/fassas_hourvouliades_2019_jrfm.txt	569	0	no quote located for this id in the catalog text (evidence-only or quoted under another id)
C-K9R-004-13	reports/stage_e10_research/regime/fassas_hourvouliades_2019_jrfm.txt	202	0	no quote located for this id in the catalog text (evidence-only or quoted under another id)
C-K9R-004-14	reports/stage_e10_research/regime/fassas_hourvouliades_2019_jrfm.txt	135	0	no quote located for this id in the catalog text (evidence-only or quoted under another id)
C-K9R-004-15	reports/stage_e10_research/regime/fassas_hourvouliades_2019_jrfm.txt	466	1	OK L466:verbatim
C-K9R-004-16	reports/stage_e10_research/regime/fassas_hourvouliades_2019_jrfm.txt	523	1	OK L523:verbatim
C-K9R-004-17	reports/stage_e10_research/regime/fassas_hourvouliades_2019_jrfm.txt	187	0	no quote located for this id in the catalog text (evidence-only or quoted under another id)
C-K9R-004-18	reports/stage_e10_research/regime/fassas_hourvouliades_2019_jrfm.txt	471	1	OK L471:verbatim
P-K9R-014-b.1	reports/stage_e10_research/regime/bianco_corsi_reno_2009_pnas.txt	96	0	no quote located for this id in the catalog text (evidence-only or quoted under another id)
P-K9R-014-b.2	reports/stage_e10_research/regime/bianco_corsi_reno_2009_pnas.txt	98	0	no quote located for this id in the catalog text (evidence-only or quoted under another id)
C-K9C-001-1	reports/stage_e10_research/calendar/savor_wilson_2013_draft.txt	664	1	OK L664:verbatim
C-K9C-001-2	reports/stage_e10_research/calendar/savor_wilson_2013_draft.txt	1713	1	OK L1713:verbatim
C-K9C-003-1	reports/stage_e10_research/calendar/ai_bansal_guo_2023_w31923.txt	127	1	OK L127:verbatim
C-K9C-003-2	reports/stage_e10_research/calendar/ai_bansal_guo_2023_w31923.txt	101	1	OK L101:verbatim
C-K9R-001-21	reports/stage_e10_research/regime/hu_pan_wang_zhu_nber_w25817.txt	1600	2	OK L1600:verbatim,L1610:verbatim
C-K9R-001-22	reports/stage_e10_research/regime/hu_pan_wang_zhu_nber_w25817.txt	1005	0	no quote located for this id in the catalog text (evidence-only or quoted under another id)
C-K9R-001-23	reports/stage_e10_research/regime/hu_pan_wang_zhu_nber_w25817.txt	1610	0	no quote located for this id in the catalog text (evidence-only or quoted under another id)
P-K9C-001-d	reports/stage_e10_research/calendar/savor_wilson_2013_draft.txt	794	1	OK L794:verbatim
P-K9C-002-d	reports/stage_e10_research/calendar/ai_bansal_2018_econometrica.txt	251	1	OK L252:verbatim
C-K9R-001-24	reports/stage_e10_research/regime/hu_pan_wang_zhu_nber_w25817.txt	1683	1	OK L1683:verbatim
C-K9R-004-19	reports/stage_e10_research/regime/fassas_hourvouliades_2019_jrfm.txt	196	1	OK L196:verbatim
RUL-1	reports/stage_e10_briefs/task4_lead_rulings.md	28	0	no quote located for this id in the catalog text (evidence-only or quoted under another id)
RUL-2	reports/stage_e10_briefs/task4_lead_rulings.md	31	0	no quote located for this id in the catalog text (evidence-only or quoted under another id)
RUL-3	reports/stage_e10_briefs/task4_lead_rulings.md	68	0	no quote located for this id in the catalog text (evidence-only or quoted under another id)
RUL-4	reports/stage_e10_briefs/task4_lead_rulings.md	69	0	no quote located for this id in the catalog text (evidence-only or quoted under another id)
RUL-5	reports/stage_e10_briefs/task4_lead_rulings.md	70	0	no quote located for this id in the catalog text (evidence-only or quoted under another id)
RUL-6	reports/stage_e10_briefs/task4_lead_rulings.md	71	0	no quote located for this id in the catalog text (evidence-only or quoted under another id)
RUL-7	reports/stage_e10_briefs/task4_lead_rulings.md	74	0	no quote located for this id in the catalog text (evidence-only or quoted under another id)
RUL-8	reports/stage_e10_briefs/task4_lead_rulings.md	49	0	no quote located for this id in the catalog text (evidence-only or quoted under another id)
RUL-9	reports/stage_e10_briefs/task4_lead_rulings.md	87	0	no quote located for this id in the catalog text (evidence-only or quoted under another id)
DT-1	reports/stage_e10_design_target.md	121	0	no quote located for this id in the catalog text (evidence-only or quoted under another id)
LOG-1	reports/stage_e10_research_regime.md	190	0	no quote located for this id in the catalog text (evidence-only or quoted under another id)
D9-1	docs/STAGE_E_DESIGN.md	510	0	no quote located for this id in the catalog text (evidence-only or quoted under another id)
D9-2	docs/STAGE_E_DESIGN.md	506	0	no quote located for this id in the catalog text (evidence-only or quoted under another id)
F9-1	reports/stage_e0_topstep_facts.json	70	0	no quote located for this id in the catalog text (evidence-only or quoted under another id)
F9-2	reports/stage_e0_topstep_facts.json	71	0	no quote located for this id in the catalog text (evidence-only or quoted under another id)
K8-1	reports/stage_e0_catalog_K8.md	97	0	no quote located for this id in the catalog text (evidence-only or quoted under another id)
P-K9R-006-a	reports/stage_e10_research/regime/bansal_stivers_quantpedia_pointer.md	44	1	OK L44:verbatim
P-K9R-007-a	reports/stage_e10_research/regime/copeland_1999_ideas.html	33	1	OK L97:verbatim
P-K9R-007-a#2	reports/stage_e10_research/regime/copeland_1999_ideas.html	33	1	OK L97:verbatim
C-K9R-001-25	reports/stage_e10_research/regime/hu_pan_wang_zhu_nber_w25817.txt	2032	1	OK L2032:verbatim
C-K9R-001-26	reports/stage_e10_research/regime/hu_pan_wang_zhu_nber_w25817.txt	2029	1	OK L2032:verbatim
CAL-BLS-1	reports/stage_e10_research/catalog/bls_empsit_archive_sget.html	420	1	OK L420:verbatim
CAL-BLS-2	reports/stage_e10_research/catalog/bls_cpi_archive_sget.html	417	1	NOT FOUND NOTFOUND
CAL-BLS-3	reports/stage_e10_research/catalog/bls_ppi_archive_sget.html	421	0	no quote located for this id in the catalog text (evidence-only or quoted under another id)
CAL-BLS-4	reports/stage_e10_research/catalog/bls_empsit_11202025.html	422	0	no quote located for this id in the catalog text (evidence-only or quoted under another id)
CAL-BLS-5	reports/stage_e10_research/catalog/bls_cpi_10242025.html	400	0	no quote located for this id in the catalog text (evidence-only or quoted under another id)
CAL-BLS-6	reports/stage_e10_research/catalog/bls_ppi_11252025.html	397	0	no quote located for this id in the catalog text (evidence-only or quoted under another id)
CAL-FED-1	reports/stage_e10_research/catalog/fed_fomccalendars.html	1492	0	no quote located for this id in the catalog text (evidence-only or quoted under another id)
CAL-FED-2	reports/stage_e10_research/catalog/fed_fomccalendars.html	1213	0	no quote located for this id in the catalog text (evidence-only or quoted under another id)
CAL-FED-3	reports/stage_e10_research/catalog/fed_fomccalendars.html	1677	0	no quote located for this id in the catalog text (evidence-only or quoted under another id)
CAL-BEA-1	reports/stage_e10_research/catalog/bea_gdp_news_archive.html	530	1	OK L528:verbatim
CAL-BEA-2	reports/stage_e10_research/catalog/bea_gdp_news_archive.html	528	0	no quote located for this id in the catalog text (evidence-only or quoted under another id)
CAL-BEA-3	reports/stage_e10_research/catalog/bea_schedule_full.html	377	0	no quote located for this id in the catalog text (evidence-only or quoted under another id)
CAL-BEA-4	reports/stage_e10_research/catalog/bea_schedule_full.html	417	0	no quote located for this id in the catalog text (evidence-only or quoted under another id)
CAL-BEA-5	reports/stage_e10_research/catalog/bea_schedule_full.html	492	0	no quote located for this id in the catalog text (evidence-only or quoted under another id)
CAL-ISM-1	reports/stage_e10_research/catalog/ism_rob_calendar_fetch.html	673	1	OK L673:verbatim
CAL-ISM-2	reports/stage_e10_research/catalog/ism_rob_calendar_fetch.html	733	1	OK L673:verbatim
CAL-ISM-3	reports/stage_e10_research/catalog/ism_rob_calendar_wayback_20251009.html	935	0	no quote located for this id in the catalog text (evidence-only or quoted under another id)
