quote	status
Result per exposure	NOT FOUND
source-overlap	reports/stage_e10_briefs/task4_lead_rulings.md:37 [verbatim-norm]; docs/STAGE_E_DESIGN.md:429 [verbatim-norm]; reports/stage_e0_catalog_K8.md:37 [verbatim-norm]
The bar at hh:mm	reports/stage_e0_catalog_K8.md:88 [verbatim-norm]
Market intent on the bar at 14:58	NOT FOUND
Sunday open | 5:00 PM CT	reports/stage_e0_catalog_K8.md:97 [verbatim-norm]
Weekday reopen | 5:00 PM CT	reports/stage_e0_catalog_K8.md:97 [verbatim-norm]
reckless trades in gapped markets	reports/stage_e10_briefs/task4_lead_rulings.md:130 [verbatim-norm]; docs/STAGE_E_DESIGN.md:506 [verbatim-norm]; reports/stage_e0_topstep_facts.json:66 [verbatim-norm]
3rd Quarter 2025 (Initial Estimate)	reports/stage_e10_research/catalog/bea_gdp_news_archive.html:530 [verbatim-norm]
(Updated Estimate)	reports/stage_e10_research/catalog/bea_gdp_news_archive.html:528 [verbatim-norm]; reports/stage_e10_research/catalog/bea_schedule_full.html:342 [verbatim-norm]
released on the first business day of the month	reports/stage_e10_research/catalog/ism_rob_calendar_wayback_20251009.html:921 [verbatim-norm]; reports/stage_e10_research/catalog/ism_rob_calendar_fetch.html:673 [verbatim-norm]
. Consistency: 	NOT FOUND
 (P-K9R-001-h). Evidence: 	NOT FOUND
 (P-K9R-001-b); 	NOT FOUND
1.5 24.6 19.63 2.68	reports/stage_e10_research/calendar/hu_pan_wang_zhu_w25817.txt:1609 [verbatim-norm]; reports/stage_e10_research/regime/hu_pan_wang_zhu_nber_w25817.txt:1609 [verbatim-norm]; reports/stage_e10_research_regime.md:81 [verbatim-norm]
1.0 39.7 10.34 2.01	reports/stage_e10_research/calendar/hu_pan_wang_zhu_w25817.txt:1610 [verbatim-norm]; reports/stage_e10_research/regime/hu_pan_wang_zhu_nber_w25817.txt:1610 [verbatim-norm]; reports/stage_e10_research_regime.md:81 [verbatim-norm]
1.5 22.2 14.22 2.07	reports/stage_e10_research/calendar/hu_pan_wang_zhu_w25817.txt:1619 [verbatim-norm]; reports/stage_e10_research/regime/hu_pan_wang_zhu_nber_w25817.txt:1619 [verbatim-norm]; reports/stage_e10_research_regime.md:82 [verbatim-norm]
1.0 36.5 6.59 1.41	reports/stage_e10_research/calendar/hu_pan_wang_zhu_w25817.txt:1620 [verbatim-norm]; reports/stage_e10_research/regime/hu_pan_wang_zhu_nber_w25817.txt:1620 [verbatim-norm]; reports/stage_e10_research_regime.md:82 [verbatim-norm]
 (P-K9R-002-a; S&P 100 after VIX above its 90th percentile, 1-day 	NOT FOUND
, P-K9R-002-c); in S&P futures, 	NOT FOUND
∆VIXt = VIXt − VIXt−1	reports/stage_e10_research/calendar/hu_pan_wang_zhu_w25817.txt:1569 [verbatim-norm]; reports/stage_e10_research/regime/hu_pan_wang_zhu_nber_w25817.txt:1569 [verbatim-norm]
 (C-K9R-001-1). Table 7's header states the comparison as 	NOT FOUND
When η = 0, there is no smoothing and µηt−1 = VIXt−1	reports/stage_e10_research/calendar/hu_pan_wang_zhu_w25817.txt:1626 [verbatim-norm]; reports/stage_e10_research/regime/hu_pan_wang_zhu_nber_w25817.txt:1626 [verbatim-norm]
 (C-K9R-001-9). GDP counts every estimate: 	NOT FOUND
-1.5 16.3 15.48 1.77	reports/stage_e10_research/calendar/hu_pan_wang_zhu_w25817.txt:1683 [verbatim-norm]; reports/stage_e10_research/regime/hu_pan_wang_zhu_nber_w25817.txt:1683 [verbatim-norm]
supporting source	reports/stage_e10_research_regime.md:763 [verbatim-norm]
 (P-K9C-003-a). Table 1: 	NOT FOUND
Non-FOMC 34 8.65 bps 2.91% 3.71	reports/stage_e10_research/calendar/ai_bansal_guo_2023_w31923.txt:124 [verbatim-norm]; reports/stage_e10_research_calendar.md:176 [verbatim-norm]
 (C-K9C-003-1); 	NOT FOUND
Initial Estimate	reports/stage_e10_research/catalog/bls_cpi_10242025.html:4764 [verbatim-norm]; reports/stage_e10_research/catalog/bea_gdp_news_archive.html:530 [verbatim-norm]
Updated Estimate	reports/stage_e10_research/catalog/bea_gdp_news_archive.html:528 [verbatim-norm]; reports/stage_e10_research/catalog/bea_schedule_full.html:342 [verbatim-norm]
D9.12 (CPI window) does not bite, because the entry fill is at 17:00 CT the evening before	reports/stage_e10_briefs/task4_lead_rulings.md:71 [verbatim-norm]
 (C-K9C-001-1; Table 1 	NOT FOUND
significant in all cases	reports/stage_e10_research/overnight/breedon_ranaldo_aea2009.txt:413 [verbatim-norm]; reports/stage_e10_research/commodity/essex_cyr.txt:663 [verbatim-norm]; reports/stage_e10_research/regime/fassas_hourvouliades_2019_jrfm.txt:548 [verbatim-norm]
insignificant after 2008	reports/stage_e10_briefs/task4_lead_rulings.md:92 [verbatim-norm]
For 5-year bonds, the return di¤erential is 2.6 bps (t-statistic = 2.57), and it then grow	reports/stage_e10_research/calendar/savor_wilson_2013_draft.txt:794 [verbatim-norm]; reports/stage_e10_research_calendar.md:86 [verbatim-norm]
a moderate level of announcement premiums for Treasury bonds, which averages about 3 bps	reports/stage_e10_research/calendar/ai_bansal_2018_econometrica.txt:252 [verbatim-norm]; reports/stage_e10_research_calendar.md:142 [verbatim-norm]
not source-overlap	reports/stage_e10_briefs/task4_lead_rulings.md:37 [verbatim-norm]
round-1 Q6-Q10	NOT FOUND
). Contango carries no signal: 	NOT FOUND
 (P-K9R-004-b). Percentiles: 	NOT FOUND
 (C-K9R-004-4). 	NOT FOUND
volatility percentage points per year	reports/stage_e10_research/regime/fassas_hourvouliades_2019_jrfm.txt:152 [verbatim-norm]
 (C-K9R-004-1), from 	NOT FOUND
 (C-K9R-004-18); 	NOT FOUND
 (C-K9R-004-7); 	NOT FOUND
same X10 and X14 readings as M1	reports/stage_e10_briefs/task4_lead_rulings.md:49 [verbatim-norm]
the cleaner side of the X10 borderline	reports/stage_e10_research_regime.md:190 [verbatim-norm]
CBOE CFE VX futures daily settlements, front and second month	reports/stage_e10_briefs/task4_lead_rulings.md:52 [verbatim-norm]
Maximum 0.0678 0.0463	reports/stage_e10_research/regime/fassas_hourvouliades_2019_jrfm.txt:196 [verbatim-norm]
statistically significant in all cases	reports/stage_e10_research/overnight/breedon_ranaldo_aea2009.txt:413 [verbatim-norm]; reports/stage_e10_research/regime/fassas_hourvouliades_2019_jrfm.txt:548 [verbatim-norm]; reports/stage_e10_research_regime.md:184 [verbatim-norm]
−0.0004 0.0245 −0.1687 *** 0.009 10.59 2.07	reports/stage_e10_research/regime/fassas_hourvouliades_2019_jrfm.txt:523 [verbatim-norm]; reports/stage_e10_research_regime.md:183 [verbatim-norm]
Round 2: rulings on CatalogWriter's section 7	reports/stage_e10_briefs/task4_lead_rulings.md:114 [verbatim-norm]
 pages, deleted, logged); scrapling `extract get` worked for BLS, the Fed and BEA. ISM ret	NOT FOUND
** (its main source runs to 2023-08). K9-vixspike-01 is not, on the NBER w25817 sample; re	NOT FOUND
 is the ohlcv-1m bar whose ts_event (open) is hh:mm:00 CT; it closes at hh:mm + 1 min, and	NOT FOUND
 fills at the open of the 14:59 bar. - **C3 Trade date and hours.** - Trade date d = [d-1 	NOT FOUND
post-2003, the VIX   Close is timed at 4:15pm	reports/stage_e10_research/calendar/hu_pan_wang_zhu_w25817.txt:2014 [verbatim-norm]; reports/stage_e10_research/regime/hu_pan_wang_zhu_nber_w25817.txt:2014 [verbatim-norm]
Daily changes in VIX are used to measure sudden changes in VIX, using Intraday   VIX measu	reports/stage_e10_research/calendar/hu_pan_wang_zhu_w25817.txt:2032 [verbatim-norm]; reports/stage_e10_research/regime/hu_pan_wang_zhu_nber_w25817.txt:2032 [verbatim-norm]
October 2025 Employment Situation – Not published because of 2025 lapse in federal governm	reports/stage_e10_research/catalog/bls_empsit_archive_sget.html:420 [verbatim-norm]
 row has 5,965 observations over September 1994 to May 2018, C-K9R-001-22, 252 a year). Th	NOT FOUND
, target 40%. - A $150 day at q_c needs 300 ticks per contract on MNQ (0.41 x E|m_1|), 100	NOT FOUND
 if any supporting source's sample overlaps its confirmation window [S_X, 2024-02-29], S_X	NOT FOUND
 (P-K9R-001-c). - **Magnitudes** (Table 7, η = 0, cutoff in VIX points, heightened days a 	NOT FOUND
a cutoff value of   2.5% yields an average of 11.1 heightened VIX days per year ... a high	PIECES: reports/stage_e10_research/calendar/hu_pan_wang_zhu_w25817.txt:1588 | reports/stage_e10_research/calendar/hu_pan_wang_zhu_w25817.txt:1590 | reports/stage_e10_research/calendar/hu_pan_wang_zhu_w25817.txt:1592
very high levels of implied volatility can on a   statistical basis be viewed as signallin	reports/stage_e10_research/regime/giot_uclouvain.txt:19 [verbatim-norm]; reports/stage_e10_research_regime.md:129 [verbatim-norm]
   (P-K9R-003-b, abstract only, 10-30-day horizons); at monthly horizons, 1990-2022, 	NOT FOUND
 (P-K9R-006-a; [abstract via secondary page], a Quantpedia   reproduction; a VIX level at 	NOT FOUND
, C-K9R-001-6). The member trades the Nasdaq-100, Russell 2000 and Dow   futures from 18:0	NOT FOUND
 (C-K9R-001-2). 	NOT FOUND
 (C-K9R-001-21); the member uses ≥, the table's form. - **Role of η.** η is the decay of a	NOT FOUND
 (C-K9R-001-3). The member uses   η = 0 (ruling), the simple daily change. - **Cutoff unit	NOT FOUND
 (C-K9R-001-5). VIX is quoted in annualized   percentage points and ∆VIX is a level differ	NOT FOUND
, C-K9R-001-8), so a cutoff of 1.0 is **1.0 VIX point**, as the ruling assumed. - **Non-an	NOT FOUND
 (C-K9R-001-10). The filter applies to   **day t + 1**, the heightened-VIX day whose retur	NOT FOUND
, C-K9R-001-15). See Q1: the source's tabulated counts appear to   include announcement da	NOT FOUND
 (C-K9R-001-13).   Look-ahead: none; both values are known at the 17:59 CT intent. - **Sig	NOT FOUND
   **Risk:** VIX spikes coincide with down days, so the trade is long mostly after falls; 	NOT FOUND
 **Risk:** VIX is computed   from SPX options, another market's prices (the V16 class). Th	NOT FOUND
; C-K9R-001-21 (≥); design rule (b)1 frequency (ruling) | | Day traded | t + 1, the day af	NOT FOUND
). - **With the non-announcement filter:** 50 of the 316 window dates are HPWZ announcemen	NOT FOUND
, C-K9R-001-11; that figure is for January 1986 to May   2018). Ratio = 10.34 / (0.798 x 1	NOT FOUND
 (P-K9R-001-f; t 1.41 at the member's cutoff). - 	NOT FOUND
 (P-K9R-008-a; monthly, so not a direct contradiction). - Reversal reading: 	NOT FOUND
   (P-K9R-012-a, abstract only). In S&P futures the daily effect has nearly gone: 	NOT FOUND
 (P-K9R-014-b, re-quoted in two pieces because the PDF's two-column text interleaves; the 	NOT FOUND
 (C-K9R-001-24). This supports the VIX reading over a pure reversal (the   authors' argume	NOT FOUND
 (P-K9R-007-a; abstract only, sample not stated, published 1999).   A relative effect afte	NOT FOUND
 (C-K9R-001-7); Table A1 runs January 1992 to May 2018. VIX before 1990 is VXO (C-K9R-001-	NOT FOUND
 for the label is new question Q20. - **Trials in N:** 3.  ### K9-anncday-01 (macro-announ	NOT FOUND
FOMC 10 17.61 bps 1.74% 4.71	reports/stage_e10_research/calendar/ai_bansal_guo_2023_w31923.txt:123 [verbatim-norm]; reports/stage_e10_research_calendar.md:175 [verbatim-norm]
from January 2020 to August 2023, the average announcement premium was 16.33 basis points 	reports/stage_e10_research/calendar/ai_bansal_guo_2023_w31923.txt:143 [verbatim-norm]; reports/stage_e10_research_calendar.md:184 [verbatim-norm]
The average announcement day excess return from 1958 to 2009 is 11.4 basis points   versus	reports/stage_e10_research/calendar/savor_wilson_2013_draft.txt:47 [verbatim-norm]; reports/stage_e10_research_calendar.md:77 [verbatim-norm]
In the 1961-2014 period, during the thirty days per year with significant   macroeconomic 	reports/stage_e10_research_calendar.md:133 [verbatim-norm]
The announcements are the FOMC, Non-farm payroll, GDP (first and last),   ISM manufacturin	reports/stage_e10_research/calendar/ai_bansal_guo_2023_w31923.txt:131 [verbatim-norm]; reports/stage_e10_research_calendar.md:177 [verbatim-norm]
We combine the PPI and CPI announcements into one “inflation” announcement by using the   	reports/stage_e10_research/calendar/ai_bansal_guo_2023_w31923.txt:110 [verbatim-norm]; reports/stage_e10_research_calendar.md:179 [verbatim-norm]
This table documents the average excess return of the U.S. stock market during   the 1961-	reports/stage_e10_research/calendar/ai_bansal_guo_2023_w31923.txt:127 [verbatim-norm]
At the daily level	reports/stage_e10_research/calendar/ai_bansal_2018_econometrica.txt:215 [verbatim-norm]; reports/stage_e10_research/calendar/ai_bansal_guo_2023_w31923.txt:101 [verbatim-norm]; reports/stage_e10_research_regime.md:353 [verbatim-norm]
; Savor-Wilson's returns are one trading day, close to close (reader's log   entry K9C-001	NOT FOUND
   2025-12-23 and last = 	NOT FOUND
 2026-01-22; inflation = the earlier of CPI and PPI per   reference month (14 dates); ISM 	NOT FOUND
 - **X6 (post-FOMC continuation): admissible (ruling).** 	NOT FOUND
 Risk: the FOMC days carry the largest per-day premium in the source   (17.61 bps) and the	NOT FOUND
 ISM falls on the first business day and Employment Situation   usually on the first Frida	NOT FOUND
   (ruling). Under round 2 item 5 the entry fills at 18:00 CT the evening before; the poin	NOT FOUND
 (round 2 item 12), which was the source's 1961-2023   average (44 a year x 299 / 252); th	NOT FOUND
,   C-K9C-001-2). Ratio = 11.4 / (0.798 x 98.6) = **0.145**, labelled: the support source'	NOT FOUND
 (P-K9C-004-b);   	NOT FOUND
Controlling for the day-of-the-month fixed effects, the   macroeconomic announcement fixed	reports/stage_e10_research/calendar/ernst_gilbert_hrdlicka_2021.txt:178 [verbatim-norm]; reports/stage_e10_research_calendar.md:226 [verbatim-norm]
the pre-FOMC drift essentially disappeared after 2015 in both   announcements accompanied 	reports/stage_e10_research/calendar/kurov_wolfe_gilbert_2020.txt:21 [hyphen-joined]; reports/stage_e10_research_calendar.md:360 [verbatim-norm]
the premium for the FOMC announcement was low between January 2016   and December 2019 and	reports/stage_e10_research/calendar/ai_bansal_guo_2023_w31923.txt:141 [verbatim-norm]; reports/stage_e10_research_calendar.md:182 [verbatim-norm]
Topstep    doesn't require you to flatten positions during economic releases	docs/STAGE_E_DESIGN.md:510 [verbatim-norm]; reports/stage_e0_topstep_facts.json:61 [verbatim-norm]
An edge cannot be claimed without a registered holdout read (NULL_CRITERIA_E section 3).	reports/stage_e10_briefs/task4_lead_rulings.md:74 [verbatim-norm]
 reason restated by the ratio route or marked [conversion unverified] where the source giv	NOT FOUND
 holds at 1 month and 1 quarter), and a 10% cut gives about 30 trips before the cap, below	NOT FOUND
 is abstract only (K9C-011). (3) The cost wall is **[conversion unverified]**: the source'	NOT FOUND
 (P-K9C-001-d), with 	NOT FOUND
 (P-K9C-002-d); no daily standard deviation of bond returns was located, so it cannot be s	NOT FOUND
, items 1-17).  1. **K9-vixspike-01, the non-announcement filter** (the source's counts ap	NOT FOUND
 replaced. 13. **K9-anncday-01 ratio route.** *Answer, item 13:* Savor-Wilson's 0.145, lab	NOT FOUND
 kept on the NBER sample; the   JFE 2022 version is re-checked in E.11, and the label flip	NOT FOUND
 under NULL_CRITERIA_E section 3? If   yes, K9-vixspike-01 becomes source-overlap.   *Lead	NOT FOUND
. K9-vixspike-01 was chosen (rulings, 22:55-22:58) and specified (round 1) on   K9R-001 al	NOT FOUND
. The user and the reviewer may take the stricter reading, which turns the member   source	NOT FOUND
 sits on line 525) | | P-K9R-004-d | reports/stage_e10_research/regime/fassas_hourvouliade	NOT FOUND
 tokens); re-quoted as .1 and .2 below | | P-K9C-001-a | reports/stage_e10_research/calend	NOT FOUND
. No other passage was removed. Partial quotes in the entries are contiguous substrings of	NOT FOUND
 point to the round-1 questions answered in section 7. Its passages are in section 8.  ###	NOT FOUND
 (P-K9R-004-a, with its opening sentence: 	NOT FOUND
 (P-K9R-004-d). - **Evidence status:** full text (JRFM 2019, open access). One regressor, 	NOT FOUND
   (C-K9R-004-3), FVIX_{i,t} = α + β TtM_{i,t}, where 	NOT FOUND
   (C-K9R-004-5). Units: 	NOT FOUND
 (C-K9R-004-6). - **Contracts and prices:** 	NOT FOUND
 (C-K9R-004-2). Closing prices, not settlements (round-1 Q10). Seven nearest monthly   con	NOT FOUND
   (C-K9R-004-8). D1-D4 is the bottom 20%. - **Member condition (written per the source, a	NOT FOUND
, C-K9R-004-15). - **Holding horizon:** about 21 h (18:00 to 14:59 CT; F on an early-close	NOT FOUND
).** The condition reads a curve state,   not the sign of the last move (	NOT FOUND
, reader's note). Risk as for   K9-vixspike-01: backwardation follows falls. - **X14: admi	NOT FOUND
 changes per Q6); vehicle ohlcv-1m at 18:00 and 14:59 CT. - **Order type:** market. **Sizi	NOT FOUND
 (C-K9R-004-9 to -12). Daily standard deviation of S&P 500 returns 0.0093 (Table 1,   C-K9	NOT FOUND
, C-K9R-004-19), so D1 likely holds few days. Its weight in any pooled figure is   unknown	NOT FOUND
 (P-K9R-005-a; non-US, 20-60   days, abstract only). - **Within the source:** at K = 1 day	NOT FOUND
   (P-K9R-004-d) holds at 1 month and 1 quarter, not at the member's 1-day horizon (round-	NOT FOUND
