savor_wilson_2013_draft.pdf|https://faculty.wharton.upenn.edu/wp-content/uploads/2012/04/Draft20111128p_edited.pdf|2026-10-03T05:34:30Z|eaeb786b44842b13916c99111074150f23443ba624cd1d02681047da62872f4a|312729|curl
ernst_gilbert_hrdlicka_2021.pdf|https://www.aeaweb.org/conference/2022/preliminary/paper/ktNibY2Y|2026-10-03T05:34:31Z|be23b86a3b4cb2277d0568502efffae2420738fdfce887f34ae00b45d80e036c|518337|curl
ai_bansal_guo_2023_w31923.pdf|https://www.nber.org/system/files/working_papers/w31923/w31923.pdf|2026-10-03T05:34:33Z|4d5d1972c1815ad5cb7a2e5b99bc93e94623c44a10da057fd265f506a0076d40|588012|curl
lucca_moench_sr512.pdf|https://www.newyorkfed.org/medialibrary/media/research/staff_reports/sr512.pdf|2026-10-03T05:35:26Z|c7cb0f335c60cb9fc305189935fb7c51e98fa8461c2b33efd51eb5a5c3f2e34b|1177349|curl (helper misrouted to regime/, moved to calendar/ 22:37 PDT)
hu_pan_wang_zhu_w25817.pdf|https://www.nber.org/system/files/working_papers/w25817/w25817.pdf|2026-10-03T05:35:27Z|3c66010b1582e55b9f5722f162003baa761e1c872b76cc47ced6f1588c3e3ae4|634417|curl (helper misrouted to regime/, moved to calendar/ 22:37 PDT)
cieslak_morse_vj_w22806.pdf|https://www.nber.org/system/files/working_papers/w22806/w22806.pdf|2026-10-03T05:35:28Z|-|-|curl; wrong paper (Chavaz and Rose), deleted
jones_lamont_lumsdaine_w5150.pdf|https://www.nber.org/system/files/working_papers/w5150/w5150.pdf|2026-10-03T05:35:29Z|-|-|curl; wrong paper (NBER w5150 is a faculty-tenure paper), deleted
ignatieva_2024_prefomc.pdf|https://www.tandfonline.com/doi/pdf/10.1080/00036846.2024.2322573?download=true|2026-10-03T05:36:19Z|db13103f1a319e4bdc67f2efccf524f70a964396baba29c50b4d6ebf29190a9b|5834|curl
monaco_2022_retail_fomc.pdf|https://ueaeprints.uea.ac.uk/id/eprint/90347/1/1_s2.0_S1544612322007735_main.pdf|2026-10-03T05:36:21Z|da6dcc27143120f2e7924c1eae6939da361198472401077d5dd31a00c022ac71|1110873|curl
ignatieva_2024_prefomc.pdf|https://www.tandfonline.com/doi/pdf/10.1080/00036846.2024.2322573?download=true|2026-10-03T05:36:26Z|-|-|curl HTTP 403, file deleted (blocked)
kurov_wolfe_gilbert_2020.pdf|https://www.skidmore.edu/economics/documents/KurovWolfeGilbert-TheDisappearingPre-FOMC-Announce-Drift-200914.pdf|2026-10-03T05:36:27Z|-|-|curl HTTP 404, deleted
kurov_wolfe_gilbert_2020.pdf|https://web.archive.org/web/2021id_/https://www.skidmore.edu/economics/documents/KurovWolfeGilbert-TheDisappearingPre-FOMC-Announce-Drift-200914.pdf|2026-10-03T05:36:38Z|240c994c85ab2244912be09fc80526d21754b2b9301e3235b079e6aefbf5a495|513133|curl (Wayback snapshot 20220626; live URL 404)
cieslak_morse_vj_fomccycle.pdf|https://stern.nyu.edu/sites/default/files/assets/documents/cycle_paper_cieslak_morse_vissingjorgensen.pdf|2026-10-03T05:37:13Z|c45108b8ab390585452585ed7a8a31484f7defe5928c05c1ac67bc1a2786a88f|859710|curl
morse_vj_2020_governors.pdf|https://www.aeaweb.org/conference/2021/preliminary/paper/nAzyfDkE|2026-10-03T05:37:42Z|97ba1eafd092d10d15e2389dd7b93a3d3ff470e1d58c63370b5028bd0bc3e363|489450|curl
jones_lamont_lumsdaine_nber_abstract.html|https://www.nber.org/papers/w5150|2026-10-03T05:37:55Z|-|-|curl; wrong paper (NBER w5150 is a faculty-tenure paper), deleted
faust_wright_2018_ideas.html|https://ideas.repec.org/a/wsi/qjfxxx/v08y2018i03ns2010139218500106.html|2026-10-03T05:38:24Z|ec517941710f06eae0ab7bd3d5f26b703bfc87cf7f0e6e2f7407639ba8ac79c2|55144|curl
jfqa_fixedincome_intraday_abs.html|https://www.cambridge.org/core/journals/journal-of-financial-and-quantitative-analysis/article/abs/economic-risk-premia-in-the-fixedincome-markets-the-intraday-evidence/4F05044DB91F87D417FFE796BDDAEB61|2026-10-03T05:38:25Z|c30a0b8d1d30f27d23a35842aa4bb907726b75e8407304320bf0125ee8324894|881494|curl
caporale_plastun_2017_cesifo6716.pdf|https://cesifo.org/DocDL/cesifo1_wp6716.pdf|2026-10-03T05:39:03Z|-|-|curl; HTML stub (3 KB) not the PDF, deleted
robins_smith_2016_ideas.html|https://ideas.repec.org/a/now/jnlcfr/104.00000038.html|2026-10-03T05:39:03Z|a33cb7d783d75e777fdc03af59ed45836fe9e78de2b310eb5c1e36eb3f63f4c6|34095|curl
caporale_plastun_2017_diw1694.pdf|https://www.diw.de/documents/publikationen/73/diw_01.c.567282.de/dp1694.pdf|2026-10-03T05:39:11Z|-|-|curl HTTP 403, deleted
caporale_plastun_2017_cesifo6716.pdf|https://cesifo.org/DocDL/cesifo1_wp6716.pdf|2026-10-03T05:39:36Z|0f7915711fe6ca98afef061ceb2a06f43c3c9a1227308bbc2d16eb86b9b5e98d|354495|curl with referer and cookie jar (plain curl returned a 3 KB HTML stub; scrapling get returned a text-mangled PDF)
quiros_2022_btc_dow.pdf|http://economic-research.pl/Journals/index.php/oc/article/download/2091/1935|2026-10-03T05:40:04Z|-|-|curl HTTP 404, deleted
ubiobio_btc_dow.pdf|https://revistas.ubiobio.cl/index.php/HHEE/article/download/3103/3116/13466|2026-10-03T05:40:24Z|6895fa1114d990f69f34ad1b50ca3e965387f4971054042e918fd5e2f7400bd7|609274|curl
aut_afl_266.pdf|https://ojs.aut.ac.nz/applied-finance-letters/article/download/266/85|2026-10-03T05:40:25Z|-|-|curl HTTP 404, deleted
brunel_21825.pdf|https://bura.brunel.ac.uk/bitstream/2438/21825/6/FullText.pdf|2026-10-03T05:40:56Z|-|-|curl; off-topic (large-move abnormal returns, Regime reader), deleted
singal_tayal_2020_ideas.html|https://ideas.repec.org/a/wly/jfutmk/v40y2020i3p479-500.html|2026-10-03T05:41:31Z|7a3d9c13567906b17003a5f01810591d544673e4e1f783266fe18a6160ea8733|61957|curl
ko_2021_preholiday_cfr.pdf|https://cfr.ivo-welch.info/published/papers/ko2021pre.pdf|2026-10-03T05:42:08Z|039d0939df6c5096a9b4aa4918fea95db0230f21cde1f9eabab772e430637b1b|205438|curl
caporale_plastun_2023_witching.pdf|https://www.tandfonline.com/doi/pdf/10.1080/23322039.2023.2182016?needAccess=true|2026-10-03T05:42:25Z|-|-|curl HTTP 403, deleted (blocked)
stivers_sun_2013_ideas.html|https://ideas.repec.org/a/eee/jbfina/v37y2013i11p4226-4240.html|2026-10-03T05:42:33Z|cb4a713e44c69d0c26253783874cb4bb859ab036b5423a0cc07593948b5a8a81|54665|curl
mueller_tsv_2017_fmgdp54.pdf|https://www.fmg.ac.uk/sites/default/files/publications/dp-54.pdf|2026-10-03T05:43:10Z|e7ec83f9f6650435707974c9d356279119fc592f507d175c6f5c330b77175d7c|668847|curl
schwert_2002_w9277.pdf|https://www.nber.org/system/files/working_papers/w9277/w9277.pdf|2026-10-03T05:44:07Z|0db4a9d54f22b7c41886323f2b0d5dcfd7472c0abf3ce20d52372da4f7a16bba|344595|curl
ai_bansal_2018_econometrica.pdf|https://people.duke.edu/~rb7/bio/announcement_premium_econometrica.pdf|2026-10-03T05:44:28Z|aefdc8806d642fb0a696805ccf0105b6a3fbb206f005b3cb2100ab42145c2bbb|883670|curl
maberly_pierce_2004_ideas.html|https://ideas.repec.org/a/ejw/journl/v1y2004i1p29-46.html|2026-10-03T05:44:41Z|-|-|curl HTTP 404, deleted
maberly_pierce_2004_ejw.html|https://econjwatch.org/articles/stock-market-efficiency-withstands-another-challenge-solving-the-sell-in-may-buy-after-halloween-puzzle|2026-10-03T05:44:47Z|d95d246237761f4719eb3aa490f980ae8642680128c8bc06382094115f23b7ff|13603|curl
johnston_kracaw_mcconnell_1991.pdf|https://business.purdue.edu/faculty/mcconnell/publications/Day-of-the-Week-Effects-in-Financial-Futures.pdf|2026-10-03T05:45:51Z|a7e46ef006662c2b2f06f99b8bb6cd8dd6d3f4093670484664b796213ce40476|2750869|curl
