path,win_probability,win_loss_ratio,segments_per_day,micros,runs,breakeven_win_probability,expected_gross_edge_ticks_per_trade_per_micro,expected_gross_edge_usd_per_trade_per_micro,pass_rate_per_attempt,p_first_payout_within_12m,monthly_net_mean,monthly_net_p10,monthly_net_p50,monthly_net_p90,p_beats_random_null_trader,mean_xfa_breaches,p_run_reaches_5_live,p_same_day_multi_breach,c80_critical_value,c80_power,c80_power_se,c80_power_lower95,c80_verdict,robust_c80_critical_value,robust_c80_power,robust_c80_power_se,robust_c80_power_lower95,robust_c80_verdict,c90_critical_value,c90_power,c90_power_se,c90_power_lower95,c90_verdict,robust_c90_critical_value,robust_c90_power,robust_c90_power_se,robust_c90_power_lower95,robust_c90_verdict,c95_critical_value,c95_power,c95_power_se,c95_power_lower95,c95_verdict,robust_c95_critical_value,robust_c95_power,robust_c95_power_se,robust_c95_power_lower95,robust_c95_verdict
standard,0.4,0.75,1,2,8000,0.5714285714285714,-49.97581178509865,-62.46976473137331,0.013732458699483117,0.048125,-113.67831114583333,-137.16666666666666,-112.66666666666667,-96.16666666666667,0.17177192968750002,0.279875,0.0,0.00075,43.05683333333334,0.005,0.0007885905147793753,0.0034543625910324243,fail,420.1011666666668,0.0,0.0,0.0,fail,198.7330833333335,0.000875,0.0003305741926935616,0.0002270745823206193,fail,873.5891666666669,0.0,0.0,0.0,fail,390.61495833333333,0.0,0.0,0.0,fail,1422.9244583333327,0.0,0.0,0.0,fail
standard,0.4,1.0,1,2,8000,0.5,-28.85354838709677,-36.066935483870964,0.03935620562762517,0.150625,-97.73511239583334,-129.0,-104.33333333333333,-79.83333333333333,0.265921703125,0.62325,0.0,0.00525,43.05683333333334,0.018125,0.0014914960767212898,0.015201667689626271,fail,420.1011666666668,0.00125,0.00039503757732651206,0.00047572634844003636,fail,198.7330833333335,0.007,0.0009321346469260758,0.005173016092024892,fail,873.5891666666669,0.000125,0.00012499218725584412,-0.00011998468702145444,fail,390.61495833333333,0.00175,0.0004672977503690768,0.0008340964092766096,fail,1422.9244583333327,0.0,0.0,0.0,fail
standard,0.4,1.5,1,2,8000,0.4,-8.008468440372723e-15,-1.0010585550465903e-14,0.1635406041176593,0.566625,-16.833735520833333,-116.91666666666667,-79.83333333333333,133.02758333333338,0.47906053125,1.803125,0.00025,0.033625,43.05683333333334,0.16275,0.004127081861012694,0.15466091955241512,fail,420.1011666666668,0.032125,0.0019714520148547874,0.028260954050884617,fail,198.7330833333335,0.078,0.002998249489285373,0.07212343100100067,fail,873.5891666666669,0.010125,0.0011192901977927798,0.007931191212326152,fail,390.61495833333333,0.0365,0.0020966565646285515,0.03239055313332804,fail,1422.9244583333327,0.0025,0.0005583177858531825,0.0014056971397277624,fail
standard,0.4,2.0,1,2,8000,0.3333333333333333,20.402539725810325,25.503174657262907,0.33155135784223166,0.8685,265.59192375,-104.5,43.0,887.0698333333336,0.7066703046875,3.1235,0.00675,0.11325,43.05683333333334,0.5,0.005590169943749474,0.489043266910251,fail,420.1011666666668,0.21375,0.004583406722897282,0.20476652282312133,fail,198.7330833333335,0.334,0.005273092072019983,0.32366473953884084,fail,873.5891666666669,0.102375,0.003389217449777308,0.09573213379843647,fail,390.61495833333333,0.226375,0.0046788000514955755,0.21720455189906868,fail,1422.9244583333327,0.04675,0.002360202255634038,0.042124003578957285,fail
standard,0.45,0.75,1,2,8000,0.5714285714285714,-35.399533347778224,-44.24941668472278,0.03323542624140433,0.13825,-101.81522989583334,-132.91666666666666,-108.41666666666667,-83.91666666666667,0.238836765625,0.570625,0.0,0.00525,43.05683333333334,0.01575,0.0013920280843072097,0.013021624954757869,fail,420.1011666666668,0.001,0.0003533765696816924,0.00030738192342388295,fail,198.7330833333335,0.006125,0.0008723161966139343,0.004415260254636689,fail,873.5891666666669,0.00025,0.00017675459682848423,-9.643900978382905e-05,fail,390.61495833333333,0.0015,0.00043268782048955343,0.0006519318718404754,fail,1422.9244583333327,0.0,0.0,0.0,fail
standard,0.45,1.0,1,2,8000,0.5,-14.426774193548393,-18.033467741935493,0.09091862416107382,0.383625,-70.50810833333334,-124.91666666666667,-96.16666666666667,-4.774666666666602,0.3617090703125,1.21875,0.0,0.01875,43.05683333333334,0.06575,0.0027709866812202473,0.06031886610480832,fail,420.1011666666668,0.00925,0.0010703058850160545,0.007152200465368533,fail,198.7330833333335,0.024625,0.0017327221854281777,0.021228864516560773,fail,873.5891666666669,0.00225,0.0005297331285656957,0.0012117230680112362,fail,390.61495833333333,0.0105,0.001139613421296889,0.008266357694258097,fail,1422.9244583333327,0.000375,0.0002164657521988178,-4.9272874309682865e-05,fail
standard,0.45,1.5,1,2,8000,0.4,14.724264753560751,18.40533094195094,0.29250298119894347,0.83775,160.96794864583336,-108.75,-2.114583333333333,605.8304166666668,0.65834453125,2.933625,0.00325,0.0935,43.05683333333334,0.414875,0.005508558504443335,0.40407822533129106,fail,420.1011666666668,0.144875,0.003935197491470409,0.137162012916718,fail,198.7330833333335,0.254,0.004866775112946971,0.24446112077862395,fail,873.5891666666669,0.060375,0.002662936803958179,0.05515564386424197,fail,390.61495833333333,0.156625,0.004063459261746696,0.14866061984697646,fail,1422.9244583333327,0.026125,0.0017833425209070185,0.022629648659022242,fail
standard,0.45,2.0,1,2,8000,0.3333333333333333,35.70444452016804,44.63055565021005,0.4845791595613728,0.97825,954.9718533333332,-45.12958333333331,483.14374999999995,2583.9342500000007,0.874789546875,4.34575,0.05525,0.220125,43.05683333333334,0.79975,0.004474230904580138,0.7909805074270229,fail,420.1011666666668,0.533375,0.0055777023649415895,0.5224427033647145,fail,198.7330833333335,0.670125,0.005256632529183964,0.6598220002427994,fail,873.5891666666669,0.35,0.005332682251925385,0.33954794278622624,fail,390.61495833333333,0.549125,0.0055631233850126855,0.5382212781653751,fail,1422.9244583333327,0.221875,0.004645515100274135,0.2127697904034627,fail
standard,0.5,0.75,1,2,8000,0.5714285714285714,-20.823254910457784,-26.029068638072232,0.07428316140037365,0.316375,-82.08123260416667,-128.83333333333334,-100.25,-31.73824999999997,0.32121496875000005,1.071,0.0,0.01625,43.05683333333334,0.0485,0.002401763674885604,0.04379254319722422,fail,420.1011666666668,0.00525,0.0008079632958866386,0.0036663919400621884,fail,198.7330833333335,0.018125,0.0014914960767212898,0.015201667689626271,fail,873.5891666666669,0.00075,0.0003060713764794088,0.00015010010210035878,fail,390.61495833333333,0.005875,0.0008544358061756308,0.004200305819895764,fail,1422.9244583333327,0.000125,0.00012499218725584412,-0.00011998468702145444,fail
standard,0.5,1.0,1,2,8000,0.5,0.0,0.0,0.1804089906397186,0.663875,-1.2823033333333334,-119.74433333333333,-75.69541666666666,189.36991666666697,0.5015047890625,2.09125,0.000375,0.0515,43.05683333333334,0.1935,0.004416697720016619,0.18484327246876744,fail,420.1011666666668,0.04025,0.0021974399166985203,0.0359430177632709,fail,198.7330833333335,0.09675,0.003305099043523507,0.09027200587469393,fail,873.5891666666669,0.01275,0.0012543642563067556,0.010291446057638758,fail,390.61495833333333,0.04575,0.0023360473427351596,0.04117134720823909,fail,1422.9244583333327,0.003875,0.0006946207935809293,0.0025135432445813786,fail
standard,0.5,1.5,1,2,8000,0.4,29.448529507121513,36.81066188390189,0.4416828983248929,0.963125,631.76114125,-71.46258333333333,288.81041666666664,1771.4516666666684,0.8336344765625,4.227375,0.028625,0.20925,43.05683333333334,0.7325,0.0049490371538310355,0.7227998871784912,fail,420.1011666666668,0.414625,0.005508074860772591,0.40382917327288576,fail,198.7330833333335,0.5715,0.0055327180255277785,0.5606558726699655,fail,873.5891666666669,0.236,0.004747420352149154,0.22669505610978766,fail,390.61495833333333,0.427375,0.005530886110911615,0.4165344632226132,fail,1422.9244583333327,0.13675,0.003841377316471268,0.12922090045971632,fail
standard,0.5,2.0,1,2,8000,0.3333333333333333,51.006349314525764,63.75793664315721,0.6218377244724079,0.99775,2458.7969229166665,200.24025,1737.225,5903.195666666669,0.964602671875,5.115,0.2445,0.34475,43.05683333333334,0.955875,0.0022961376367445826,0.9513745702319807,pass,420.1011666666668,0.828125,0.00421802655834159,0.8198576679456505,pass,198.7330833333335,0.900625,0.0033447647408861208,0.8940692611078632,pass,873.5891666666669,0.69675,0.005139180838178396,0.6866772055571704,fail,390.61495833333333,0.838125,0.004118122818333008,0.8300534792760673,pass,1422.9244583333327,0.56625,0.0055408814449959135,0.555389872367808,fail
standard,0.55,0.75,1,2,8000,0.5714285714285714,-6.246976473137321,-7.808720591421652,0.1518402454287946,0.592875,-29.396527395833335,-122.51858333333332,-85.85083333333334,109.91375000000004,0.4484753828125,1.87375,0.000125,0.048875,43.05683333333334,0.150625,0.00399901721325065,0.14278692626202874,fail,420.1011666666668,0.02875,0.0018682691689100904,0.025088192428936226,fail,198.7330833333335,0.0675,0.0028049899732441115,0.06200221965244154,fail,873.5891666666669,0.00725,0.0009485144635165033,0.005390911651507654,fail,390.61495833333333,0.03325,0.002004508590028988,0.029321163163543187,fail,1422.9244583333327,0.001625,0.00045032757174638996,0.0007423579593770756,fail
standard,0.55,1.0,1,2,8000,0.5,14.4267741935484,18.0334677419355,0.3098349054112577,0.887875,187.13628677083335,-107.43466666666666,19.553333333333335,656.9743333333338,0.6807706484375,3.306125,0.00325,0.13525,43.05683333333334,0.458,0.0055704129110865745,0.44708199069427035,fail,420.1011666666668,0.167125,0.004171244334353359,0.1589493611046674,fail,198.7330833333335,0.287375,0.005059528255862892,0.2774583246185087,fail,873.5891666666669,0.065375,0.0027636278099402245,0.059958289492517164,fail,390.61495833333333,0.179,0.0042860092160423545,0.17059942193655697,fail,1422.9244583333327,0.02725,0.0018202828592007343,0.023682245595966562,fail
standard,0.55,1.5,1,2,8000,0.4,44.17279426068229,55.21599282585286,0.5825187506035602,0.997625,1756.9412544791667,88.1346666666667,1101.9633333333331,4335.114000000001,0.9468004062500001,5.31675,0.14825,0.36125,43.05683333333334,0.926125,0.0029244120001933726,0.920393152479621,pass,420.1011666666668,0.7405,0.004901017113824436,0.7308940064569042,fail,198.7330833333335,0.84625,0.004032848520276952,0.8383456169002571,pass,873.5891666666669,0.568,0.0055382307644228764,0.5571450677017311,fail,390.61495833333333,0.75375,0.00481677975285356,0.744309111684407,fail,1422.9244583333327,0.420875,0.005519728643409475,0.41005633185891743,fail
standard,0.55,2.0,1,2,8000,0.3333333333333333,66.3082541088835,82.88531763610438,0.738167715168324,1.0,5124.968760625,1087.5063333333333,4579.72375,10034.334083333335,0.9935458984375,4.841375,0.591,0.369625,43.05683333333334,0.995125,0.0007787196522979213,0.9935987094814961,pass,420.1011666666668,0.969125,0.0019339640112667554,0.9653344305379171,pass,198.7330833333335,0.98625,0.0013019666614395335,0.9836981453435785,pass,873.5891666666669,0.925375,0.0029380288752622915,0.9196164634044859,pass,390.61495833333333,0.971375,0.0018643232476893597,0.9677209264345289,pass,1422.9244583333327,0.86125,0.0038648809409217257,0.8536748333557934,pass
standard,0.6,0.75,1,2,8000,0.5714285714285714,8.329301964183095,10.411627455228869,0.27167229851918445,0.84975,112.14738854166667,-111.60433333333334,-19.72875,478.9740833333334,0.631264875,2.99875,0.0015,0.12575,43.05683333333334,0.37775,0.005420504329626534,0.367125811513932,fail,420.1011666666668,0.117125,0.003595252674969452,0.11007830475705987,fail,198.7330833333335,0.22225,0.004648318748483154,0.213139295252973,fail,873.5891666666669,0.041,0.002216951736055614,0.036654774597331,fail,390.61495833333333,0.1285,0.0037414527592901665,0.12116675259179127,fail,1422.9244583333327,0.014625,0.0013421582141740966,0.011994369900218772,fail
standard,0.6,1.0,1,2,8000,0.5,28.85354838709677,36.066935483870964,0.4566636889569508,0.982,680.6269311458334,-54.396083333333316,332.4241666666667,1821.538416666668,0.8542865390625,4.6325,0.031875,0.279375,43.05683333333334,0.75825,0.004786790907016934,0.7488678898222468,fail,420.1011666666668,0.44825,0.005560147676770825,0.4373521105535292,fail,198.7330833333335,0.598125,0.005481462902079608,0.5873813327119239,fail,873.5891666666669,0.26375,0.004926788222310758,0.2540934950842709,fail,390.61495833333333,0.464625,0.005576161419101405,0.45369572361856125,fail,1422.9244583333327,0.145375,0.0039408296933355295,0.13765097380106237,fail
standard,0.6,1.5,1,2,8000,0.4,58.89705901424304,73.6213237678038,0.7044096147230822,1.0,4020.380955625,681.1345000000001,3246.85375,8675.679333333333,0.988615125,5.533,0.456,0.449875,43.05683333333334,0.99075,0.0010703058850160536,0.9886522004653685,pass,420.1011666666668,0.941875,0.0026159721991785385,0.93674769448961,pass,198.7330833333335,0.971875,0.0018484447643559692,0.9682520482618624,pass,873.5891666666669,0.8655,0.0038146059757201652,0.8580233722875885,pass,390.61495833333333,0.9465,0.0025158932310414125,0.9415688492671589,pass,1422.9244583333327,0.766,0.00473344483436746,0.7567224481246398,fail
standard,0.6,2.0,1,2,8000,0.3333333333333333,81.6101589032412,102.0126986290515,0.8321071447075281,1.0,8536.1909784375,3321.5643333333333,8814.223333333332,13151.743583333333,0.999371578125,3.640625,0.872,0.299625,43.05683333333334,0.99975,0.00017675459682847447,0.9994035609902162,pass,420.1011666666668,0.9975,0.0005583177858531765,0.9964056971397278,pass,198.7330833333335,0.99925,0.0003060713764794146,0.9986501001021003,pass,873.5891666666669,0.99125,0.0010412394957453374,0.9892091705883391,pass,390.61495833333333,0.99825,0.0004672977503690807,0.9973340964092766,pass,1422.9244583333327,0.97925,0.0015937156859051132,0.9761263172556259,pass
standard,0.4,0.75,2,2,8000,0.5714285714285714,-33.914113538265575,-42.39264192283197,0.0039508554503293195,0.008875,-126.98009510416667,-145.16666666666666,-124.75,-108.41666666666667,0.0914586953125,0.09875,0.0,0.0,20.036833333333348,0.001,0.0003533765696816924,0.00030738192342388295,fail,420.1011666666668,0.0,0.0,0.0,fail,142.3644166666668,0.0,0.0,0.0,fail,873.5891666666669,0.0,0.0,0.0,fail,304.3561249999999,0.0,0.0,0.0,fail,1422.9244583333327,0.0,0.0,0.0,fail
standard,0.4,1.0,2,2,8000,0.5,-19.58032258064516,-24.47540322580645,0.02016230073825633,0.072125,-108.4240590625,-129.0,-108.58333333333333,-92.08333333333333,0.20798085156249999,0.372,0.0,0.001625,20.036833333333348,0.006375,0.0008898285912887942,0.004630935961073963,fail,420.1011666666668,0.000375,0.0002164657521988178,-4.9272874309682865e-05,fail,142.3644166666668,0.00175,0.0004672977503690768,0.0008340964092766096,fail,873.5891666666669,0.0,0.0,0.0,fail,304.3561249999999,0.00075,0.0003060713764794088,0.00015010010210035878,fail,1422.9244583333327,0.0,0.0,0.0,fail
standard,0.4,1.5,2,2,8000,0.4,-5.434631239655031e-15,-6.793289049568788e-15,0.15501145141881137,0.580875,-25.942264479166663,-121.0,-83.91666666666667,104.1896666666667,0.46186561718749997,1.84275,0.000125,0.033125,20.036833333333348,0.1705,0.0042046068484461185,0.1622589705770456,fail,420.1011666666668,0.02675,0.0018039691481563644,0.023214220469613526,fail,142.3644166666668,0.084375,0.0031075685707438543,0.07828416560134205,fail,873.5891666666669,0.008125,0.0010036797531458926,0.006157787683834051,fail,304.3561249999999,0.042375,0.0022522033482514406,0.03796068143742718,fail,1422.9244583333327,0.002875,0.0005986165691617631,0.0017017115244429442,fail
standard,0.4,2.0,2,2,8000,0.3333333333333333,13.84537887459429,17.306723593242864,0.38521267607140186,0.938375,444.1926116666667,-92.08183333333334,157.17291666666665,1315.1537500000004,0.7794024843749999,3.919,0.015625,0.172,20.036833333333348,0.66575,0.005274075007762025,0.6554128129847864,fail,420.1011666666668,0.31475,0.0051923313345259466,0.3045730305843291,fail,142.3644166666668,0.5155,0.005587483221451318,0.5045485328859554,fail,873.5891666666669,0.166125,0.004161242067805597,0.15796896554710102,fail,304.3561249999999,0.382,0.00543226472109009,0.37135276114666343,fail,1422.9244583333327,0.089375,0.0031895749986283442,0.08312343300268844,fail
standard,0.45,0.75,2,2,8000,0.5714285714285714,-24.022497089604794,-30.028121362005994,0.01372270152095724,0.04325,-114.39936479166667,-133.4949166666666,-116.58333333333333,-96.16666666666667,0.167917625,0.279375,0.0,0.00075,20.036833333333348,0.003375,0.0006484220630692635,0.0021040927563842435,fail,420.1011666666668,0.00025,0.00017675459682848423,-9.643900978382905e-05,fail,142.3644166666668,0.00075,0.0003060713764794088,0.00015010010210035878,fail,873.5891666666669,0.0,0.0,0.0,fail,304.3561249999999,0.00025,0.00017675459682848423,-9.643900978382905e-05,fail,1422.9244583333327,0.0,0.0,0.0,fail
standard,0.45,1.0,2,2,8000,0.5,-9.790161290322585,-12.237701612903232,0.06338044993032052,0.27475,-87.74323947916666,-125.08333333333333,-100.41666666666667,-45.53108333333329,0.3105793828125,0.9385,0.0,0.009,20.036833333333348,0.039,0.002164457206784186,0.034757663874703,fail,420.1011666666668,0.002875,0.0005986165691617631,0.0017017115244429442,fail,142.3644166666668,0.013125,0.0012724353802354758,0.010631026654738467,fail,873.5891666666669,0.000375,0.0002164657521988178,-4.9272874309682865e-05,fail,304.3561249999999,0.005375,0.0008174739579185382,0.0037727510424796647,fail,1422.9244583333327,0.000125,0.00012499218725584412,-0.00011998468702145444,fail
standard,0.45,1.5,2,2,8000,0.4,9.992041525349194,12.490051906686492,0.3276517969098676,0.898,239.03883520833332,-103.63833333333334,43.639583333333334,795.5898333333334,0.706465953125,3.4555,0.004375,0.128125,20.036833333333348,0.54075,0.005571573358352199,0.5298297162176296,fail,420.1011666666668,0.19925,0.0044658347134102485,0.19049696396171592,fail,142.3644166666668,0.375125,0.0054130194251337214,0.3645154819267379,fail,873.5891666666669,0.085125,0.003120070799977943,0.07900966123204324,fail,304.3561249999999,0.257,0.0048855782666947425,0.24742426659727831,fail,1422.9244583333327,0.038125,0.0021410127386064285,0.0339286150323314,fail
standard,0.45,2.0,2,2,8000,0.3333333333333333,24.229413030539988,30.286766288174984,0.5768060326597139,0.99725,1896.9414871875001,105.15141666666669,1210.2779166666667,4660.895583333334,0.9489425,5.43875,0.165625,0.358625,20.036833333333348,0.9395,0.0026655147251515984,0.9342755911387028,pass,420.1011666666668,0.761125,0.004767254639399389,0.7517811809067773,fail,142.3644166666668,0.883125,0.003591922089477303,0.8760848327046246,pass,873.5891666666669,0.593875,0.005490759104793708,0.5831131121546044,fail,304.3561249999999,0.8085,0.004399257749893725,0.7998774548102083,marginal,1422.9244583333327,0.45075,0.0055629852316449666,0.43984654894597586,fail
standard,0.5,0.75,2,2,8000,0.5714285714285714,-14.130880640944,-17.66360080118,0.04415697358408523,0.19075,-98.02123635416667,-129.0,-104.33333333333333,-74.20683333333331,0.26482124218749997,0.719625,0.0,0.005,20.036833333333348,0.024625,0.0017327221854281777,0.021228864516560773,fail,420.1011666666668,0.000875,0.0003305741926935616,0.0002270745823206193,fail,142.3644166666668,0.006625,0.0009069943064181825,0.004847291159420362,fail,873.5891666666669,0.000125,0.00012499218725584412,-0.00011998468702145444,fail,304.3561249999999,0.00175,0.0004672977503690768,0.0008340964092766096,fail,1422.9244583333327,0.0,0.0,0.0,fail
standard,0.5,1.0,2,2,8000,0.5,0.0,0.0,0.16811461230419283,0.647,-16.7199178125,-121.0,-79.83333333333333,141.63325,0.4816625703125,2.0435,0.000375,0.045875,20.036833333333348,0.203,0.00449709628538238,0.19418569128065055,fail,420.1011666666668,0.029875,0.0019033682110603297,0.026144398306321752,fail,142.3644166666668,0.09975,0.0033503719476350685,0.09318327098263528,fail,873.5891666666669,0.008,0.0009959919678390987,0.006047855743035367,fail,304.3561249999999,0.048625,0.0024046987694667705,0.043911790411845134,fail,1422.9244583333327,0.002,0.0004994997497496871,0.0010209804904906135,fail
standard,0.5,1.5,2,2,8000,0.4,19.984083050698395,24.980103813372992,0.5213356325442859,0.99175,1156.7440172916665,5.201666666666669,657.845,2912.6081666666664,0.9117285,5.214,0.0715,0.32675,20.036833333333348,0.885875,0.0035549346754722515,0.8789073280360744,pass,420.1011666666668,0.613625,0.0054439112705733,0.6029549339096764,fail,142.3644166666668,0.7915,0.004541857411896591,0.7825979594726826,fail,873.5891666666669,0.419125,0.005516557286648531,0.4083125477181689,fail,304.3561249999999,0.68325,0.005201195024943787,0.6730556577511102,fail,1422.9244583333327,0.272625,0.004978712300572809,0.2628667238908773,fail
standard,0.5,2.0,2,2,8000,0.3333333333333333,34.61344718648569,43.26680898310712,0.7323518066092324,1.0,5355.631376145833,1180.8289166666666,4810.4725,10464.84125,0.9943681249999999,5.26775,0.599,0.42625,20.036833333333348,0.996125,0.0006946207935809259,0.9947635432445814,pass,420.1011666666668,0.97325,0.0018039691481563664,0.9697142204696134,pass,142.3644166666668,0.991625,0.0010188755674148844,0.9896280038878668,pass,873.5891666666669,0.932,0.0028146047679914127,0.9264833746547368,pass,304.3561249999999,0.981375,0.0015115434733658838,0.9784123747922029,pass,1422.9244583333327,0.87275,0.0037258797199453443,0.8654472757489071,pass
standard,0.55,0.75,2,2,8000,0.5714285714285714,-4.239264192283191,-5.299080240353988,0.12314175972686535,0.5215,-53.06666125,-124.124,-92.08333333333333,45.98258333333339,0.407565046875,1.61875,0.00025,0.030625,20.036833333333348,0.1245,0.0036912015320217885,0.1172652449972373,fail,420.1011666666668,0.013625,0.001296117248506091,0.01108461019292806,fail,142.3644166666668,0.0535,0.002515893231041413,0.04856884926715883,fail,873.5891666666669,0.002625,0.0005720696390082243,0.0015037435075438805,fail,304.3561249999999,0.0225,0.0016580768227075608,0.01925016942749318,fail,1422.9244583333327,0.001,0.0003533765696816924,0.00030738192342388295,fail
standard,0.55,1.0,2,2,8000,0.5,9.79016129032259,12.237701612903237,0.3414273737162021,0.926375,252.1601928125,-99.05649999999999,65.14541666666668,790.6010833333336,0.7283238515624999,3.661875,0.005125,0.166625,20.036833333333348,0.577,0.005523483954896583,0.5661739714484026,fail,420.1011666666668,0.212,0.004569682702332844,0.2030434219034276,fail,142.3644166666668,0.4045,0.005487255119820838,0.3937449799651512,fail,873.5891666666669,0.085375,0.0031242220906771336,0.07925152470227283,fail,304.3561249999999,0.274875,0.004991476915390374,0.26509170524583486,fail,1422.9244583333327,0.037625,0.0021274797112722367,0.033455139765906416,fail
standard,0.55,1.5,2,2,8000,0.4,29.976124576047606,37.47015572005951,0.6891410015311733,0.999875,3755.8512130208333,608.2598333333333,2912.0858333333335,8345.20241666667,0.9874436406249999,5.972,0.412875,0.4985,20.036833333333348,0.992,0.000995991967839099,0.9900478557430353,pass,420.1011666666668,0.93625,0.0027314359204455075,0.9308963855959268,pass,142.3644166666668,0.975,0.0017455300054711185,0.9715787611892766,pass,873.5891666666669,0.847625,0.004018035268868978,0.8397496508730168,pass,304.3561249999999,0.954125,0.0023390832706158622,0.9495403967895929,pass,1422.9244583333327,0.735375,0.00493202049588959,0.7257082398280564,fail
standard,0.55,2.0,2,2,8000,0.3333333333333333,44.99748134243141,56.24685167803926,0.8487147352141219,1.0,10108.539392708335,4798.004916666667,10624.674166666668,14473.98425,0.999716015625,3.34925,0.932125,0.27725,20.036833333333348,0.999875,0.000124992187255865,0.9996300153129785,pass,420.1011666666668,0.998875,0.00037478900314044075,0.9981404135538446,pass,142.3644166666668,0.99975,0.00017675459682847447,0.9994035609902162,pass,873.5891666666669,0.99725,0.0005854952497672409,0.9961024293104562,pass,304.3561249999999,0.9995,0.0002499374921855325,0.9990101225153164,pass,1422.9244583333327,0.992,0.000995991967839099,0.9900478557430353,pass
standard,0.6,0.75,2,2,8000,0.5714285714285714,5.652352256377587,7.065440320471984,0.27620084005410517,0.8685,116.50376812500001,-109.66541666666667,-10.182083333333333,479.1996666666667,0.6421697109375,3.105375,0.0015,0.12275,20.036833333333348,0.43225,0.005538613742399808,0.4213943170648964,fail,420.1011666666668,0.118,0.0036068684478367105,0.11093053784224004,fail,142.3644166666668,0.271375,0.0049715516865335915,0.2616307586943941,fail,873.5891666666669,0.039375,0.0021744139835539597,0.03511314859223424,fail,304.3561249999999,0.1605,0.0041039576934953905,0.15245624292074905,fail,1422.9244583333327,0.014625,0.0013421582141740966,0.011994369900218772,fail
standard,0.6,1.0,2,2,8000,0.5,19.58032258064516,24.47540322580645,0.534851315504268,0.995,1209.3095697916667,26.045750000000016,727.2379166666667,2988.9966666666674,0.9219305859375,5.46575,0.08,0.390875,20.036833333333348,0.904,0.003293630216038224,0.8975444847765651,pass,420.1011666666668,0.644875,0.005350364875115995,0.6343882848447726,fail,142.3644166666668,0.8135,0.0043548500261203025,0.8049644939488042,pass,873.5891666666669,0.446125,0.0055576240919006925,0.43523205677987464,fail,304.3561249999999,0.7115,0.0050654189116005,0.7015717789332631,fail,1422.9244583333327,0.294625,0.005096826333305364,0.2846352203867215,fail
standard,0.6,1.5,2,2,8000,0.4,39.9681661013968,49.960207626746,0.8162511759172154,1.0,8337.103860729167,2827.900416666667,8428.264583333334,13694.613000000001,0.999195421875,4.631125,0.83,0.43125,20.036833333333348,0.999875,0.000124992187255865,0.9996300153129785,pass,420.1011666666668,0.997,0.0006114531870879408,0.9958015517533076,pass,142.3644166666668,0.999,0.0003533765696816926,0.9983073819234238,pass,873.5891666666669,0.989,0.0011661367844296832,0.9867143719025178,pass,304.3561249999999,0.9985,0.0004326878204895456,0.9976519318718405,pass,1422.9244583333327,0.97175,0.0018524287266990867,0.9681192396956698,pass
standard,0.6,2.0,2,2,8000,0.3333333333333333,55.3815154983771,69.22689437297137,0.915358397025408,1.0,14089.01637875,10508.915583333333,14535.124583333334,17070.085833333334,0.999993046875,1.680625,0.99625,0.140375,20.036833333333348,1.0,0.0,1.0,pass,420.1011666666668,1.0,0.0,1.0,pass,142.3644166666668,1.0,0.0,1.0,pass,873.5891666666669,0.999875,0.000124992187255865,0.9996300153129785,pass,304.3561249999999,1.0,0.0,1.0,pass,1422.9244583333327,0.999875,0.000124992187255865,0.9996300153129785,pass
standard,0.4,0.75,4,2,8000,0.5714285714285714,-22.761941241789835,-28.45242655223729,0.0008262314922206232,0.00075,-148.48480895833333,-169.66666666666666,-149.25,-128.83333333333334,0.022795859374999998,0.025875,0.0,0.0,-17.440166666666652,0.00025,0.00017675459682848423,-9.643900978382905e-05,fail,420.1011666666668,0.0,0.0,0.0,fail,66.25,0.0,0.0,0.0,fail,873.5891666666669,0.0,0.0,0.0,fail,195.32474999999994,0.0,0.0,0.0,fail,1422.9244583333327,0.0,0.0,0.0,fail
standard,0.4,1.0,4,2,8000,0.5,-13.141612903225802,-16.427016129032253,0.006031233749175731,0.01525,-119.51859739583332,-137.0,-120.66666666666667,-104.33333333333333,0.132831671875,0.134625,0.0,0.0,-17.440166666666652,0.0015,0.00043268782048955343,0.0006519318718404754,fail,420.1011666666668,0.0,0.0,0.0,fail,66.25,0.000125,0.00012499218725584412,-0.00011998468702145444,fail,873.5891666666669,0.0,0.0,0.0,fail,195.32474999999994,0.0,0.0,0.0,fail,1422.9244583333327,0.0,0.0,0.0,fail
standard,0.4,1.5,4,2,8000,0.4,-3.647530306468085e-15,-4.5594128830851056e-15,0.12860449829956275,0.5005,-47.993625,-121.0,-88.16666666666667,48.78141666666667,0.4230914140625,1.567875,0.000125,0.0255,-17.440166666666652,0.173125,0.004230140871989372,0.16483392389090085,fail,420.1011666666668,0.0175,0.001466021401617316,0.014626598052830063,fail,66.25,0.087625,0.0031612272018750882,0.08142899468432482,fail,873.5891666666669,0.004125,0.0007165877802998039,0.0027204879506123845,fail,195.32474999999994,0.045125,0.002320795509491304,0.040576240801397045,fail,1422.9244583333327,0.000875,0.0003305741926935616,0.0002270745823206193,fail
standard,0.4,2.0,4,2,8000,0.3333333333333333,9.29252359959961,11.615654499499513,0.4572286796395455,0.974875,739.1027421875,-57.96525,345.75166666666667,2022.3737500000002,0.852641890625,4.45025,0.038375,0.22725,-17.440166666666652,0.839625,0.004102664673340365,0.8315837772402528,pass,420.1011666666668,0.458625,0.005570997547286751,0.44770584480731795,fail,66.25,0.730125,0.004962893364447296,0.7203977290056833,fail,873.5891666666669,0.278625,0.005012398494919872,0.26880069894995706,fail,195.32474999999994,0.607875,0.005458513813014949,0.5971763129264908,fail,1422.9244583333327,0.16575,0.004157477262415274,0.15760134456566607,fail
standard,0.45,0.75,4,2,8000,0.5714285714285714,-16.123041712934473,-20.153802141168093,0.0037691582854175883,0.008,-127.77319833333334,-145.33333333333334,-124.91666666666667,-112.5,0.08643840625,0.0945,0.0,0.0,-17.440166666666652,0.001,0.0003533765696816924,0.00030738192342388295,fail,420.1011666666668,0.0,0.0,0.0,fail,66.25,0.000125,0.00012499218725584412,-0.00011998468702145444,fail,873.5891666666669,0.0,0.0,0.0,fail,195.32474999999994,0.0,0.0,0.0,fail,1422.9244583333327,0.0,0.0,0.0,fail
standard,0.45,1.0,4,2,8000,0.5,-6.5708064516129046,-8.21350806451613,0.03264528106687074,0.126125,-101.5269296875,-125.08333333333333,-104.5,-83.91666666666667,0.250521375,0.54375,0.0,0.00425,-17.440166666666652,0.02375,0.0017024224468386218,0.020413252004196303,fail,420.1011666666668,0.00075,0.0003060713764794088,0.00015010010210035878,fail,66.25,0.007125,0.0009403612587059294,0.005281891932936379,fail,873.5891666666669,0.000125,0.00012499218725584412,-0.00011998468702145444,fail,195.32474999999994,0.002625,0.0005720696390082243,0.0015037435075438805,fail,1422.9244583333327,0.0,0.0,0.0,fail
standard,0.45,1.5,4,2,8000,0.4,6.706301252099718,8.382876565124647,0.3670910893030247,0.93425,321.91549614583334,-94.03291666666665,93.50708333333334,964.5646666666671,0.7523200859375,3.73575,0.009625,0.165125,-17.440166666666652,0.68725,0.005183356025539824,0.677090622189942,fail,420.1011666666668,0.252625,0.004858055287033588,0.24310321163741416,fail,66.25,0.537375,0.005574530354377398,0.5264489205054204,fail,873.5891666666669,0.11725,0.003596915996725528,0.11020004464641796,fail,195.32474999999994,0.393,0.005460666168152014,0.3822970943104221,fail,1422.9244583333327,0.05325,0.0025103395562154534,0.04832973446981771,fail
standard,0.45,2.0,4,2,8000,0.3333333333333333,16.261916299299305,20.32739537412413,0.7055660123689164,0.999875,4147.340236041667,702.1738333333334,3383.284583333333,8814.097666666668,0.9892491328124999,5.391125,0.47475,0.419875,-17.440166666666652,0.995375,0.0007585849799956487,0.9938881734392085,pass,420.1011666666668,0.946125,0.0025241950294846477,0.9411775777422101,pass,66.25,0.9895,0.0011396134212968863,0.9872663576942582,pass,873.5891666666669,0.869875,0.0037615237001612798,0.8625024135476839,pass,195.32474999999994,0.976,0.0017111399708965957,0.9726461656570426,pass,1422.9244583333327,0.781,0.004623837691788067,0.7719372781240954,fail
standard,0.5,0.75,4,2,8000,0.5714285714285714,-9.484142184079104,-11.85517773009888,0.017971782738337095,0.063375,-110.01077229166667,-129.16666666666666,-112.5,-96.16666666666667,0.19657603125,0.344375,0.0,0.00125,-17.440166666666652,0.008375,0.0010188755674148831,0.00637800388786683,fail,420.1011666666668,0.000125,0.00012499218725584412,-0.00011998468702145444,fail,66.25,0.002625,0.0005720696390082243,0.0015037435075438805,fail,873.5891666666669,0.000125,0.00012499218725584412,-0.00011998468702145444,fail,195.32474999999994,0.001,0.0003533765696816924,0.00030738192342388295,fail,1422.9244583333327,0.0,0.0,0.0,fail
standard,0.5,1.0,4,2,8000,0.5,0.0,0.0,0.13905186795883556,0.550125,-42.84574739583333,-121.0,-88.0,71.71675000000002,0.4339588203125,1.727875,0.0,0.032375,-17.440166666666652,0.200125,0.0044731837707470724,0.19135755980933575,fail,420.1011666666668,0.0175,0.001466021401617316,0.014626598052830063,fail,66.25,0.103375,0.0034038325710697053,0.09670348816070337,fail,873.5891666666669,0.00425,0.0007273184911027631,0.002824455757438585,fail,195.32474999999994,0.0515,0.002471025849723147,0.04665678933454263,fail,1422.9244583333327,0.000875,0.0003305741926935616,0.0002270745823206193,fail
standard,0.5,1.5,4,2,8000,0.4,13.41260250419944,16.765753130249298,0.6306940803672004,0.999125,2355.7937725,226.99666666666675,1584.0166666666667,5758.969666666667,0.967429125,5.722125,0.2325,0.435125,-17.440166666666652,0.980625,0.0015410876587251628,0.9776044681888987,pass,420.1011666666668,0.835375,0.004146136897387133,0.8272485716811212,pass,66.25,0.955625,0.002302331953015248,0.9511124293720901,pass,873.5891666666669,0.685875,0.005189538567818433,0.6757035044070758,fail,195.32474999999994,0.911125,0.0031815136801332483,0.9048892331869388,pass,1422.9244583333327,0.5385,0.0055735732479263245,0.5275757964340644,fail
standard,0.5,2.0,4,2,8000,0.3333333333333333,23.231308998999005,29.039136248748754,0.8694511044589782,1.0,10458.655318541667,5477.812333333333,10985.192916666665,14495.633666666668,0.999841234375,2.961625,0.9525,0.258875,-17.440166666666652,1.0,0.0,1.0,pass,420.1011666666668,0.999625,0.00021646575219882191,0.9992007271256903,pass,66.25,1.0,0.0,1.0,pass,873.5891666666669,0.99775,0.0005297331285656928,0.9967117230680113,pass,195.32474999999994,0.999875,0.000124992187255865,0.9996300153129785,pass,1422.9244583333327,0.994,0.0008634234187233982,0.9923076900993021,pass
standard,0.55,0.75,4,2,8000,0.5714285714285714,-2.845242655223725,-3.556553319029656,0.08312199204854571,0.351625,-79.27976010416667,-124.91666666666667,-96.46833333333333,-26.04674999999999,0.3416469453125,1.16825,0.0,0.01575,-17.440166666666652,0.09,0.003199609351155231,0.08372876567173575,fail,420.1011666666668,0.00375,0.0006833682663835071,0.002410598197888326,fail,66.25,0.03925,0.0021711010311590753,0.03499464197892821,fail,873.5891666666669,0.0005,0.00024993749218554627,1.0122515316329317e-05,fail,195.32474999999994,0.016875,0.001440062254513672,0.014052477981153205,fail,1422.9244583333327,0.000125,0.00012499218725584412,-0.00011998468702145444,fail
standard,0.55,1.0,4,2,8000,0.5,6.570806451612909,8.213508064516136,0.376107804940703,0.950125,333.9908235416666,-89.75491666666666,116.57208333333332,1014.1700000000004,0.7699523749999999,3.916125,0.009125,0.18425,-17.440166666666652,0.717,0.0050362560498846765,0.707128938142226,fail,420.1011666666668,0.262,0.004916248569793842,0.25236415280320407,fail,66.25,0.569,0.00553668447719391,0.5581480984246999,fail,873.5891666666669,0.123875,0.003683238798513477,0.11665585195491358,fail,195.32474999999994,0.417,0.0055126105431093165,0.4061952833355057,fail,1422.9244583333327,0.055375,0.0025570639749280815,0.05036315460914096,fail
standard,0.55,1.5,4,2,8000,0.4,20.11890375629917,25.148629695373963,0.8218209887710919,1.0,7943.4633370833335,2668.0101666666665,7903.7925000000005,13131.447333333337,0.9991688671875001,4.47125,0.829,0.4125,-17.440166666666652,1.0,0.0,1.0,pass,420.1011666666668,0.997,0.0006114531870879408,0.9958015517533076,pass,66.25,0.999875,0.000124992187255865,0.9996300153129785,pass,873.5891666666669,0.9875,0.0012421629321469848,0.985065360652992,pass,195.32474999999994,0.999,0.0003533765696816926,0.9983073819234238,pass,1422.9244583333327,0.96775,0.0019751562438197136,0.9638786937621133,pass
standard,0.55,2.0,4,2,8000,0.3333333333333333,30.200701698698712,37.75087712337339,0.9396919866282777,1.0,15268.403075520833,12381.503916666667,15562.911250000001,17821.847833333333,0.99999940625,1.085125,0.999375,0.095125,-17.440166666666652,1.0,0.0,1.0,pass,420.1011666666668,1.0,0.0,1.0,pass,66.25,1.0,0.0,1.0,pass,873.5891666666669,1.0,0.0,1.0,pass,195.32474999999994,1.0,0.0,1.0,pass,1422.9244583333327,1.0,0.0,1.0,pass
standard,0.6,0.75,4,2,8000,0.5714285714285714,3.793656873631633,4.7420710920395415,0.2730189185286047,0.8625,106.83258364583334,-108.75,-16.355,452.21908333333334,0.6387864609375,3.0295,0.001625,0.1125,-17.440166666666652,0.503125,0.005590060759676499,0.4921684809110341,fail,420.1011666666668,0.110125,0.003499955077836714,0.10326508804744004,fail,66.25,0.336,0.005280909012660605,0.32564941833518524,fail,873.5891666666669,0.03775,0.0021308724005674297,0.03357349009488784,fail,195.32474999999994,0.214,0.004585357128948628,0.20501270002726069,fail,1422.9244583333327,0.013375,0.001284333940949549,0.010857705475738885,fail
standard,0.6,1.0,4,2,8000,0.5,13.141612903225802,16.427016129032253,0.6384649840102501,0.99975,2308.6589649999996,263.58483333333334,1551.8945833333332,5553.5098333333335,0.970642203125,6.00475,0.228,0.494625,-17.440166666666652,0.98425,0.0013920280843072116,0.9815216249547578,pass,420.1011666666668,0.844125,0.004055520687516585,0.8361761794524675,pass,66.25,0.96175,0.0021443803737909934,0.9575470144673697,pass,873.5891666666669,0.687,0.005184484063048125,0.6768384112364257,fail,195.32474999999994,0.923625,0.0029694666898072786,0.9178048452879778,pass,1422.9244583333327,0.5295,0.0055804317709295575,0.5185623537289781,fail
standard,0.6,1.5,4,2,8000,0.4,26.825205008398886,33.53150626049861,0.925933581369712,1.0,14016.8565546875,10168.049500000001,14466.451666666668,17180.333833333334,0.9999939062500001,1.77825,0.997375,0.170625,-17.440166666666652,1.0,0.0,1.0,pass,420.1011666666668,1.0,0.0,1.0,pass,66.25,1.0,0.0,1.0,pass,873.5891666666669,0.999875,0.000124992187255865,0.9996300153129785,pass,195.32474999999994,1.0,0.0,1.0,pass,1422.9244583333327,0.999875,0.000124992187255865,0.9996300153129785,pass
standard,0.6,2.0,4,2,8000,0.3333333333333333,37.1700943983984,46.462617997997995,0.9670436903969838,1.0,18442.739060729167,16393.235083333333,18561.113333333335,20410.3085,1.0,0.4505,1.0,0.039875,-17.440166666666652,1.0,0.0,1.0,pass,420.1011666666668,1.0,0.0,1.0,pass,66.25,1.0,0.0,1.0,pass,873.5891666666669,1.0,0.0,1.0,pass,195.32474999999994,1.0,0.0,1.0,pass,1422.9244583333327,1.0,0.0,1.0,pass
consistency,0.4,0.75,1,2,8000,0.5714285714285714,-49.97581178509865,-62.46976473137331,0.013732458699483117,0.01175,-116.45082760416666,-137.16666666666666,-116.58333333333333,-100.25,0.26191430468750004,0.27675,0.0,0.001375,1.7636666666666678,0.0015,0.00043268782048955343,0.0006519318718404754,fail,184.99150000000006,0.00025,0.00017675459682848423,-9.643900978382905e-05,fail,128.83333333333334,0.00025,0.00017675459682848423,-9.643900978382905e-05,fail,477.18675,0.0,0.0,0.0,fail,291.720375,0.000125,0.00012499218725584412,-0.00011998468702145444,fail,828.9308333333331,0.0,0.0,0.0,fail
consistency,0.4,1.0,1,2,8000,0.5,-28.85354838709677,-36.066935483870964,0.03935620562762517,0.04775,-105.48386124999999,-129.16666666666666,-108.41666666666667,-88.0,0.346662625,0.614375,0.0,0.005125,1.7636666666666678,0.0085,0.0010263862577022356,0.006488282934903619,fail,184.99150000000006,0.001625,0.00045032757174638996,0.0007423579593770756,fail,128.83333333333334,0.002375,0.0005442149592532348,0.0013083386798636598,fail,477.18675,0.0,0.0,0.0,fail,291.720375,0.00075,0.0003060713764794088,0.00015010010210035878,fail,828.9308333333331,0.0,0.0,0.0,fail
consistency,0.4,1.5,1,2,8000,0.4,-8.008468440372723e-15,-1.0010585550465903e-14,0.16355762824783476,0.295,-47.626713645833334,-129.16666666666666,-96.33333333333333,68.69533333333347,0.46949938281250003,1.690375,0.00125,0.041125,1.7636666666666678,0.15575,0.004054194394389593,0.1478037789869964,fail,184.99150000000006,0.05225,0.002487969490870015,0.04737357979789477,fail,128.83333333333334,0.070375,0.002859684409489096,0.06477001855740136,fail,477.18675,0.017,0.001445294087720558,0.014167223588067707,fail,291.720375,0.03475,0.002047633924191529,0.030736637508584606,fail,828.9308333333331,0.008,0.0009959919678390987,0.006047855743035367,fail
consistency,0.4,2.0,1,2,8000,0.3333333333333333,20.402539725810325,25.503174657262907,0.3317917333147878,0.662375,223.79224927083334,-125.08333333333333,9.086666666666666,806.6950833333334,0.6755364765624999,2.648125,0.02925,0.12075,1.7636666666666678,0.514625,0.005587778062152701,0.5036729549981807,fail,184.99150000000006,0.311,0.005175410611729277,0.3008561952010106,fail,128.83333333333334,0.3545,0.005348244454959028,0.3440174408682803,fail,477.18675,0.176625,0.004263634150800817,0.1682682770644304,fail,291.720375,0.252375,0.004856462953825037,0.24285633261050293,fail,828.9308333333331,0.097,0.0033089084302833165,0.0905145394766447,fail
consistency,0.45,0.75,1,2,8000,0.5714285714285714,-35.399533347778224,-44.24941668472278,0.03323542624140433,0.046375,-108.841690625,-133.08333333333334,-108.58333333333333,-92.08333333333333,0.3205340859375,0.561875,0.0,0.00525,1.7636666666666678,0.007375,0.0009565961383337275,0.005500071568865894,fail,184.99150000000006,0.000875,0.0003305741926935616,0.0002270745823206193,fail,128.83333333333334,0.001125,0.00037478900314043365,0.00039041355384474995,fail,477.18675,0.0,0.0,0.0,fail,291.720375,0.00025,0.00017675459682848423,-9.643900978382905e-05,fail,828.9308333333331,0.0,0.0,0.0,fail
consistency,0.45,1.0,1,2,8000,0.5,-14.426774193548393,-18.033467741935493,0.09091862416107382,0.16725,-89.87925729166668,-129.33333333333334,-104.5,-40.00499999999995,0.39561029687500004,1.1815,0.0,0.022875,1.7636666666666678,0.0525,0.0024935855208915534,0.04761257237905255,fail,184.99150000000006,0.0095,0.0010845361911895795,0.007374309065268424,fail,128.83333333333334,0.01475,0.001347796233671841,0.01210831938200319,fail,477.18675,0.001625,0.00045032757174638996,0.0007423579593770756,fail,291.720375,0.00425,0.0007273184911027631,0.002824455757438585,fail,828.9308333333331,0.000625,0.0002794211371299602,7.73345712252781e-05,fail
consistency,0.45,1.5,1,2,8000,0.4,14.724264753560751,18.40533094195094,0.2925005301753485,0.62475,130.95621822916667,-125.25,-25.78708333333333,570.8474166666668,0.6356508359375,2.59525,0.012625,0.109125,1.7636666666666678,0.4325,0.005538995283442657,0.4216435692444524,fail,184.99150000000006,0.23775,0.004759529093040613,0.2284213229776404,fail,128.83333333333334,0.277,0.005003386353261159,0.26719336274760813,fail,477.18675,0.119625,0.003628271960847891,0.11251358695673813,fail,291.720375,0.183125,0.004324208516812643,0.17464955130704723,fail,828.9308333333331,0.0615,0.002686022849865578,0.05623539521426347,fail
consistency,0.45,2.0,1,2,8000,0.3333333333333333,35.70444452016804,44.63055565021005,0.4875181002027223,0.908,966.6305954166667,-75.78299999999997,520.1804166666666,2600.7208333333338,0.8715486171875,3.258625,0.166125,0.210375,1.7636666666666678,0.821875,0.004277798563148457,0.813490514816229,pass,184.99150000000006,0.677875,0.00522446748931171,0.6676350437209491,fail,128.83333333333334,0.711125,0.005067374004045389,0.701192946952071,fail,477.18675,0.519125,0.00558607906289152,0.5081762850367326,fail,291.720375,0.61025,0.005452578948305105,0.5995629452613219,fail,828.9308333333331,0.387,0.0054455371635863436,0.37632674715937076,fail
consistency,0.5,0.75,1,2,8000,0.5714285714285714,-20.823254910457784,-26.029068638072232,0.07428316140037365,0.153,-96.11277770833334,-133.08333333333334,-104.5,-59.47449999999996,0.3753564609375,1.045125,0.0,0.0185,1.7636666666666678,0.038125,0.0021410127386064285,0.0339286150323314,fail,184.99150000000006,0.0055,0.0008268728741469271,0.0038793291666720225,fail,128.83333333333334,0.00875,0.0010412394957453352,0.0067091705883391434,fail,477.18675,0.000625,0.0002794211371299602,7.73345712252781e-05,fail,291.720375,0.00325,0.000636340857952717,0.0020027719184126744,fail,828.9308333333331,0.000125,0.00012499218725584412,-0.00011998468702145444,fail
consistency,0.5,1.0,1,2,8000,0.5,0.0,0.0,0.18041534181240063,0.42,-31.016754166666665,-129.33333333333334,-92.25,125.32650000000002,0.501112328125,1.980875,0.00075,0.063875,1.7636666666666678,0.202125,0.0044898564060418455,0.193324881444158,fail,184.99150000000006,0.07325,0.002912997543339163,0.06754052481505524,fail,128.83333333333334,0.096625,0.0033031918157859076,0.09015074404105962,fail,477.18675,0.024375,0.0017241251178133797,0.020995714769085776,fail,291.720375,0.04725,0.0023721677190915486,0.042600551270580565,fail,828.9308333333331,0.008125,0.0010036797531458926,0.006157787683834051,fail
consistency,0.5,1.5,1,2,8000,0.4,29.448529507121513,36.81066188390189,0.4430545372511421,0.884375,694.2814967708334,-100.58333333333333,317.535,1972.4383333333349,0.8360260234375001,3.389875,0.097875,0.21475,1.7636666666666678,0.7585,0.004785103838998691,0.7491211964755625,fail,184.99150000000006,0.588375,0.005502157069902222,0.5775907721429916,fail,128.83333333333334,0.6315,0.005393372669304431,0.6209289895681632,fail,477.18675,0.411625,0.005502157069902222,0.4008407721429917,fail,291.720375,0.514,0.005587978167459139,0.5030475627917801,fail,828.9308333333331,0.288875,0.005067374004045389,0.278942946952071,fail
consistency,0.5,2.0,1,2,8000,0.3333333333333333,51.006349314525764,63.75793664315721,0.6319825406668893,0.9885,2588.9427257291663,269.2355,2001.5258333333331,5803.036666666668,0.971925640625,3.325375,0.4855,0.2615,1.7636666666666678,0.968625,0.0019490577651457652,0.9648048467803143,pass,184.99150000000006,0.918625,0.0030568183903979308,0.91263363595482,pass,128.83333333333334,0.934125,0.0027734338908427226,0.9286890695739483,pass,477.18675,0.843875,0.004058170529545917,0.8359209857620901,pass,291.720375,0.8945,0.0034345623811484344,0.887768257732949,pass,828.9308333333331,0.75625,0.004800207515045574,0.7468415932705107,fail
consistency,0.55,0.75,1,2,8000,0.5714285714285714,-6.246976473137321,-7.808720591421652,0.15184083722330974,0.375375,-53.714764583333334,-129.33333333333334,-96.33333333333333,59.06366666666667,0.466518765625,1.80075,0.000625,0.058625,1.7636666666666678,0.147125,0.003960417187225987,0.13936258231303708,fail,184.99150000000006,0.0475,0.0023781229467796654,0.042838879024311854,fail,128.83333333333334,0.062375,0.0027038019383592063,0.05707554820081596,fail,477.18675,0.0135,0.0012902398032923958,0.010971129985546904,fail,291.720375,0.028875,0.001872205730381947,0.025205476768451383,fail,828.9308333333331,0.004625,0.0007585849799956495,0.0031381734392085265,fail
consistency,0.55,1.0,1,2,8000,0.5,14.4267741935484,18.0334677419355,0.30994733391146173,0.727875,172.69708916666667,-125.21924999999999,-2.85125,665.3829166666667,0.6792299531249999,2.998625,0.01325,0.159375,1.7636666666666678,0.49175,0.005589408930065862,0.48079475849707093,fail,184.99150000000006,0.280875,0.005024741714444136,0.2710265062396895,fail,128.83333333333334,0.3305,0.005259155706955253,0.32019205481436774,fail,477.18675,0.143375,0.003918204457640642,0.13569531926302433,fail,291.720375,0.218375,0.00461908215145336,0.20932159898315142,fail,828.9308333333331,0.07475,0.0029402898985474205,0.06898703179884705,fail
consistency,0.55,1.5,1,2,8000,0.4,44.17279426068229,55.21599282585286,0.5889307861799514,0.98475,1988.6880489583332,115.987,1388.835,4712.832,0.95661234375,3.814125,0.34225,0.303125,1.7636666666666678,0.94625,0.002521431575018445,0.9413079941129638,pass,184.99150000000006,0.873625,0.0037149084674962048,0.8663437794037074,pass,128.83333333333334,0.894625,0.0034327669119640206,0.8878967768525505,pass,477.18675,0.767125,0.004725518944716549,0.7578629828683555,fail,291.720375,0.83525,0.004147400352931941,0.8271210953082534,pass,828.9308333333331,0.649875,0.005333121557481603,0.6394220817473361,fail
consistency,0.55,2.0,1,2,8000,0.3333333333333333,66.3082541088835,82.88531763610438,0.7539072777982424,0.999125,5207.516709166666,1415.3583333333336,4911.8358333333335,9384.859,0.99619159375,2.859,0.803125,0.25525,1.7636666666666678,0.99725,0.0005854952497672409,0.9961024293104562,pass,184.99150000000006,0.99075,0.0010703058850160536,0.9886522004653685,pass,128.83333333333334,0.993,0.0009321346469260762,0.9911730160920249,pass,477.18675,0.975875,0.0017154804128508708,0.9725126583908124,pass,291.720375,0.985125,0.0013534093234771943,0.9824723177259848,pass,828.9308333333331,0.952875,0.0023691832552326965,0.948231400819744,pass
consistency,0.6,0.75,1,2,8000,0.5714285714285714,8.329301964183095,10.411627455228869,0.2716924953735772,0.6995,88.65921427083333,-125.08333333333333,-36.592083333333335,430.1563333333334,0.6406198437499999,2.797875,0.005125,0.15225,1.7636666666666678,0.406,0.005490491781252387,0.3952386361087453,fail,184.99150000000006,0.205375,0.004516582078505272,0.19652249912612968,fail,128.83333333333334,0.248,0.004828250200642051,0.23853662960674157,fail,477.18675,0.087875,0.0031652998352249347,0.08167101232295912,fail,291.720375,0.1465,0.003953443910061201,0.13875124993628005,fail,828.9308333333331,0.04175,0.0022362618781126688,0.03736692671889917,fail
consistency,0.6,1.0,1,2,8000,0.5,28.85354838709677,36.066935483870964,0.45789326507345823,0.936125,782.2273522916666,-65.44458333333334,394.81624999999997,2129.133333333334,0.872112234375,3.921375,0.097,0.292,1.7636666666666678,0.815625,0.004335620765458506,0.8071271832997013,pass,184.99150000000006,0.637625,0.0053742366827183,0.6270914961018721,fail,128.83333333333334,0.684875,0.005194001761346929,0.67469475654776,fail,477.18675,0.456125,0.005568606023671903,0.44521053219360307,fail,291.720375,0.56125,0.005548067653471793,0.5503757873991953,fail,828.9308333333331,0.317875,0.0052061320139692,0.3076709812526204,fail
consistency,0.6,1.5,1,2,8000,0.4,58.89705901424304,73.6213237678038,0.7180156976673218,0.99925,4362.799154791666,955.9604166666668,3865.2162500000004,8506.05575,0.9935356640625,3.53075,0.691,0.317,1.7636666666666678,0.994875,0.0007983368943466196,0.9933102596870805,pass,184.99150000000006,0.983,0.0014452940877205586,0.9801672235880677,pass,128.83333333333334,0.9875,0.0012421629321469848,0.985065360652992,pass,477.18675,0.955125,0.0023146607304041344,0.9505882649684079,pass,291.720375,0.973875,0.001783342520907017,0.9703796486590223,pass,828.9308333333331,0.916625,0.003090784879585604,0.9105670616360122,pass
consistency,0.6,2.0,1,2,8000,0.3333333333333333,81.6101589032412,102.0126986290515,0.8435925153392915,1.0,8530.805383645833,3961.3570000000004,8536.380416666667,13008.502499999999,0.9997562109375,2.154125,0.961875,0.212375,1.7636666666666678,0.999875,0.000124992187255865,0.9996300153129785,pass,184.99150000000006,0.9995,0.0002499374921855325,0.9990101225153164,pass,128.83333333333334,0.999625,0.00021646575219882191,0.9992007271256903,pass,477.18675,0.99825,0.0004672977503690807,0.9973340964092766,pass,291.720375,0.999375,0.0002794211371299572,0.9988273345712253,pass,828.9308333333331,0.99575,0.000727318491102761,0.9943244557574387,pass
consistency,0.4,0.75,2,2,8000,0.5714285714285714,-33.914113538265575,-42.39264192283197,0.0039508554503293195,0.0015,-127.422335625,-145.33333333333334,-124.75,-108.41666666666667,0.1642671328125,0.09825,0.0,0.0,-10.781333333333325,0.000125,0.00012499218725584412,-0.00011998468702145444,fail,184.99150000000006,0.0,0.0,0.0,fail,90.8747500000002,0.0,0.0,0.0,fail,477.18675,0.0,0.0,0.0,fail,234.95008333333334,0.0,0.0,0.0,fail,828.9308333333331,0.0,0.0,0.0,fail
consistency,0.4,1.0,2,2,8000,0.5,-19.58032258064516,-24.47540322580645,0.02016230073825633,0.01925,-111.17857489583332,-132.91666666666666,-112.5,-96.16666666666667,0.306367546875,0.36725,0.0,0.00175,-10.781333333333325,0.00475,0.000768719511590541,0.0032433097572825394,fail,184.99150000000006,0.000625,0.0002794211371299602,7.73345712252781e-05,fail,90.8747500000002,0.001125,0.00037478900314043365,0.00039041355384474995,fail,477.18675,0.0,0.0,0.0,fail,234.95008333333334,0.0005,0.00024993749218554627,1.0122515316329317e-05,fail,828.9308333333331,0.0,0.0,0.0,fail
consistency,0.4,1.5,2,2,8000,0.4,-5.434631239655031e-15,-6.793289049568788e-15,0.15501897339842197,0.305875,-51.927447916666665,-129.33333333333334,-100.25,52.042166666666674,0.4580377734375,1.753375,0.00075,0.05025,-10.781333333333325,0.17975,0.0042930166768252835,0.17133568731342244,fail,184.99150000000006,0.048625,0.0024046987694667705,0.043911790411845134,fail,90.8747500000002,0.079375,0.003022304778124635,0.07345128263487571,fail,477.18675,0.018,0.0014864386970204993,0.01508658015383982,fail,234.95008333333334,0.039875,0.002187606693826612,0.03558729088009984,fail,828.9308333333331,0.00625,0.0008811170112419803,0.004523010657965719,fail
consistency,0.4,2.0,2,2,8000,0.3333333333333333,13.84537887459429,17.306723593242864,0.3861728075287617,0.79925,450.62640375,-121.16666666666667,135.41958333333332,1396.5547500000005,0.762635234375,3.234625,0.066125,0.183625,-10.781333333333325,0.678625,0.005221267918032458,0.6683913148806564,fail,184.99150000000006,0.46375,0.005575458921694249,0.45282210051347926,fail,90.8747500000002,0.54625,0.005566203121293724,0.5353402418822644,fail,477.18675,0.301125,0.005128946460714423,0.2910722649369997,fail,234.95008333333334,0.429875,0.005534917392958544,0.41902656190980125,fail,828.9308333333331,0.195125,0.0044307340584687546,0.18644076124540124,fail
consistency,0.45,0.75,2,2,8000,0.5714285714285714,-24.022497089604794,-30.028121362005994,0.01372270152095724,0.0105,-116.17893104166667,-137.0,-116.58333333333333,-100.25,0.26312052343750003,0.27825,0.0,0.000375,-10.781333333333325,0.001,0.0003533765696816924,0.00030738192342388295,fail,184.99150000000006,0.000125,0.00012499218725584412,-0.00011998468702145444,fail,90.8747500000002,0.000375,0.0002164657521988178,-4.9272874309682865e-05,fail,477.18675,0.000125,0.00012499218725584412,-0.00011998468702145444,fail,234.95008333333334,0.000125,0.00012499218725584412,-0.00011998468702145444,fail,828.9308333333331,0.0,0.0,0.0,fail
consistency,0.45,1.0,2,2,8000,0.5,-9.790161290322585,-12.237701612903232,0.06338044993032052,0.104625,-98.84072885416667,-129.16666666666666,-104.5,-75.75,0.367905078125,0.918125,0.0,0.01075,-10.781333333333325,0.03475,0.002047633924191529,0.030736637508584606,fail,184.99150000000006,0.004125,0.0007165877802998039,0.0027204879506123845,fail,90.8747500000002,0.008875,0.001048584425249107,0.00681977452651175,fail,477.18675,0.00125,0.00039503757732651206,0.00047572634844003636,fail,234.95008333333334,0.003,0.0006114531870879406,0.0018015517533076365,fail,828.9308333333331,0.000375,0.0002164657521988178,-4.9272874309682865e-05,fail
consistency,0.45,1.5,2,2,8000,0.4,9.992041525349194,12.490051906686492,0.3279310381570395,0.71875,232.31747083333332,-125.25,18.238333333333333,835.4375000000009,0.6894771718749999,3.014875,0.023375,0.16125,-10.781333333333325,0.55725,0.005553404783328872,0.5463653266246754,fail,184.99150000000006,0.328,0.00524899990474376,0.3177119601867022,fail,90.8747500000002,0.41275,0.005504400938113066,0.4019613741612984,fail,477.18675,0.17875,0.004283667200833884,0.17035401228636557,fail,234.95008333333334,0.294375,0.005095566202285571,0.2843876902435203,fail,828.9308333333331,0.101125,0.0033708072915660725,0.0945182177085305,fail
consistency,0.45,2.0,2,2,8000,0.3333333333333333,24.229413030539988,30.286766288174984,0.5844316948364088,0.981875,2137.551755625,124.58333333333333,1549.5775,5052.156750000001,0.9561845,3.716,0.3895,0.29425,-10.781333333333325,0.948625,0.0024681878315628643,0.9437873518501368,pass,184.99150000000006,0.88025,0.0036299093910867808,0.8731353775934699,pass,90.8747500000002,0.911,0.0031835318437232565,0.9047602775863024,pass,477.18675,0.782875,0.004609524573844357,0.773840331835265,fail,234.95008333333334,0.86425,0.0038295224490137152,0.856744135999933,pass,828.9308333333331,0.678375,0.005222336155579704,0.6681392211350637,fail
consistency,0.5,0.75,2,2,8000,0.5714285714285714,-14.130880640944,-17.66360080118,0.04415697358408523,0.06975,-105.06808645833333,-129.16666666666666,-108.41666666666667,-88.0,0.34046872656250005,0.70975,0.0,0.006625,-10.781333333333325,0.017,0.001445294087720558,0.014167223588067707,fail,184.99150000000006,0.001625,0.00045032757174638996,0.0007423579593770756,fail,90.8747500000002,0.005,0.0007885905147793753,0.0034543625910324243,fail,477.18675,0.0005,0.00024993749218554627,1.0122515316329317e-05,fail,234.95008333333334,0.00125,0.00039503757732651206,0.00047572634844003636,fail,828.9308333333331,0.000125,0.00012499218725584412,-0.00011998468702145444,fail
consistency,0.5,1.0,2,2,8000,0.5,0.0,0.0,0.16812264637852925,0.3875,-41.937345937500005,-129.33333333333334,-96.33333333333333,90.71133333333343,0.479011203125,1.9415,0.000875,0.06675,-10.781333333333325,0.201875,0.004487781806959313,0.19307894765835976,fail,184.99150000000006,0.061,0.0026757942746033375,0.05575544322177746,fail,90.8747500000002,0.1,0.003354101966249685,0.09342596014615062,fail,477.18675,0.01725,0.001455697320015394,0.014396833252769829,fail,234.95008333333334,0.049,0.0024134777811283038,0.04426958354898853,fail,828.9308333333331,0.007125,0.0009403612587059294,0.005281891932936379,fail
consistency,0.5,1.5,2,2,8000,0.4,19.984083050698395,24.980103813372992,0.5256265718497962,0.9625,1384.0499129166667,-0.23066666666660696,847.7808333333334,3546.7247500000003,0.9225321171875001,3.90275,0.227875,0.30775,-10.781333333333325,0.906625,0.0032530007180870705,0.9002491185925493,pass,184.99150000000006,0.781875,0.00461717560277655,0.772825335818558,fail,90.8747500000002,0.838625,0.004112984156530998,0.8305635510531992,pass,477.18675,0.64525,0.005349093819283786,0.6347657761142038,fail,234.95008333333334,0.758,0.004788475749129361,0.7486145875317065,fail,828.9308333333331,0.5065,0.005589697554429935,0.4955441927933173,fail
consistency,0.5,2.0,2,2,8000,0.3333333333333333,34.61344718648569,43.26680898310712,0.7492465570518445,0.999625,5612.869906458333,1634.8895833333333,5373.033333333333,9915.979333333333,0.9969636640625,3.029875,0.824875,0.2725,-10.781333333333325,0.997875,0.0005148403120143229,0.9968659129884518,pass,184.99150000000006,0.993125,0.0009238326671399944,0.9913142879724056,pass,90.8747500000002,0.995375,0.0007585849799956487,0.9938881734392085,pass,477.18675,0.980375,0.0015508005745017638,0.9773354308739766,pass,234.95008333333334,0.99025,0.0010985750713993123,0.9880967928600574,pass,828.9308333333331,0.9585,0.002229847248131584,0.9541294993936621,pass
consistency,0.55,0.75,2,2,8000,0.5714285714285714,-4.239264192283191,-5.299080240353988,0.12314066487068008,0.284125,-73.19835062499999,-129.33333333333334,-100.58333333333333,-1.5188333333332835,0.425657375,1.565875,0.000125,0.038875,-10.781333333333325,0.11375,0.0035498404453580728,0.10679231272709819,fail,184.99150000000006,0.027125,0.001816219782095493,0.023565209227092834,fail,90.8747500000002,0.049375,0.0024222177176866245,0.04462745327333422,fail,477.18675,0.006875,0.0009238326671399968,0.005064287972405606,fail,234.95008333333334,0.02025,0.0015747990943291784,0.01716339377511481,fail,828.9308333333331,0.001875,0.0004836688400910276,0.0009270090734215859,fail
consistency,0.55,1.0,2,2,8000,0.5,9.79016129032259,12.237701612903237,0.34165432176589866,0.787625,269.09084354166663,-121.16666666666667,49.19416666666666,895.907,0.7263284296875,3.236875,0.02275,0.191875,-10.781333333333325,0.59775,0.005482300355462112,0.5870046913032942,fail,184.99150000000006,0.367125,0.0053891584961731276,0.35656224934750064,fail,90.8747500000002,0.450625,0.005562846723744508,0.43972182042146074,fail,477.18675,0.20675,0.004527753823641475,0.1978756025056627,fail,234.95008333333334,0.327625,0.0052474619981353835,0.31733997448365464,fail,828.9308333333331,0.114125,0.003554934675472251,0.10715732803607439,fail
consistency,0.55,1.5,2,2,8000,0.4,29.976124576047606,37.47015572005951,0.7038892753144784,0.998875,4272.0872059375,859.2072500000002,3739.6866666666665,8415.05025,0.9924812500000001,3.68,0.679375,0.34525,-10.781333333333325,0.994625,0.0008174739579185396,0.9930227510424796,pass,184.99150000000006,0.979,0.001603082967285225,0.975857957384121,pass,90.8747500000002,0.986625,0.0012843339409495504,0.9841077054757389,pass,477.18675,0.9495,0.0024482072522562298,0.9447015137855778,pass,234.95008333333334,0.97375,0.0017874890733931771,0.9702465214161494,pass,828.9308333333331,0.90375,0.0032974599599540242,0.8972869784784901,pass
consistency,0.55,2.0,2,2,8000,0.3333333333333333,44.99748134243141,56.24685167803926,0.8565711415926426,1.0,10208.0132165625,5490.971166666667,10292.959583333333,14676.582083333333,0.99984428125,1.964375,0.98075,0.195625,-10.781333333333325,0.999875,0.000124992187255865,0.9996300153129785,pass,184.99150000000006,0.999875,0.000124992187255865,0.9996300153129785,pass,90.8747500000002,0.999875,0.000124992187255865,0.9996300153129785,pass,477.18675,0.999625,0.00021646575219882191,0.9992007271256903,pass,234.95008333333334,0.999875,0.000124992187255865,0.9996300153129785,pass,828.9308333333331,0.9985,0.0004326878204895456,0.9976519318718405,pass
consistency,0.6,0.75,2,2,8000,0.5714285714285714,5.652352256377587,7.065440320471984,0.2762239185750636,0.6925,101.2340153125,-125.25,-28.49833333333333,469.63916666666677,0.6391092968750001,2.874375,0.006125,0.15275,-10.781333333333325,0.450875,0.0055631233850126855,0.4399712781653752,fail,184.99150000000006,0.218875,0.00462288782006172,0.20981413987267902,fail,90.8747500000002,0.298,0.005113658181771636,0.2879772299637276,fail,477.18675,0.09825,0.003327854742548118,0.09172740470460569,fail,234.95008333333334,0.18675,0.004357098195760569,0.1782100875363093,fail,828.9308333333331,0.045125,0.002320795509491304,0.040576240801397045,fail
consistency,0.6,1.0,2,2,8000,0.5,19.58032258064516,24.47540322580645,0.5384943302924375,0.9795,1496.1550501041665,31.292416666666675,948.4970833333332,3723.242416666668,0.9386658984375,4.2665,0.219625,0.37275,-10.781333333333325,0.927375,0.0029015213547163503,0.9216880181447559,pass,184.99150000000006,0.812125,0.004367178499543498,0.8035653301408947,pass,90.8747500000002,0.865625,0.003813108301881157,0.8581513077283129,pass,477.18675,0.672375,0.005247461998135384,0.6620899744836546,fail,234.95008333333334,0.786875,0.004578519607566948,0.7779011015691688,fail,828.9308333333331,0.53725,0.005574634937599053,0.5263237155223058,fail
consistency,0.6,1.5,2,2,8000,0.4,39.9681661013968,49.960207626746,0.8310425459108018,1.0,8724.723236354166,3766.510166666667,8734.89625,13461.08375,0.99974603125,2.623625,0.947625,0.275125,-10.781333333333325,1.0,0.0,1.0,pass,184.99150000000006,0.999375,0.0002794211371299572,0.9988273345712253,pass,90.8747500000002,0.99975,0.00017675459682847447,0.9994035609902162,pass,477.18675,0.9985,0.0004326878204895456,0.9976519318718405,pass,234.95008333333334,0.999375,0.0002794211371299572,0.9988273345712253,pass,828.9308333333331,0.99525,0.0007687195115905436,0.9937433097572825,pass
consistency,0.6,2.0,2,2,8000,0.3333333333333333,55.3815154983771,69.22689437297137,0.9153954383886256,1.0,14966.488077604166,10348.629083333333,15056.992083333334,19424.731416666666,0.999999140625,1.20775,0.998875,0.126125,-10.781333333333325,1.0,0.0,1.0,pass,184.99150000000006,1.0,0.0,1.0,pass,90.8747500000002,1.0,0.0,1.0,pass,477.18675,1.0,0.0,1.0,pass,234.95008333333334,1.0,0.0,1.0,pass,828.9308333333331,1.0,0.0,1.0,pass
consistency,0.4,0.75,4,2,8000,0.5714285714285714,-22.761941241789835,-28.45242655223729,0.0008262314922206232,0.000125,-148.55069885416665,-169.66666666666666,-149.25,-128.83333333333334,0.0474980625,0.025875,0.0,0.0,-38.48183333333331,0.0,0.0,0.0,fail,184.99150000000006,0.0,0.0,0.0,fail,24.296000000000113,0.0,0.0,0.0,fail,477.18675,0.0,0.0,0.0,fail,124.75,0.0,0.0,0.0,fail,828.9308333333331,0.0,0.0,0.0,fail
consistency,0.4,1.0,4,2,8000,0.5,-13.141612903225802,-16.427016129032253,0.006031233749175731,0.00275,-120.06526552083334,-137.16666666666666,-120.66666666666667,-104.33333333333333,0.2257463671875,0.13375,0.0,0.0,-38.48183333333331,0.001375,0.00041429297830762233,0.0005629857625170601,fail,184.99150000000006,0.0,0.0,0.0,fail,24.296000000000113,0.00025,0.00017675459682848423,-9.643900978382905e-05,fail,477.18675,0.0,0.0,0.0,fail,124.75,0.0,0.0,0.0,fail,828.9308333333331,0.0,0.0,0.0,fail
consistency,0.4,1.5,4,2,8000,0.4,-3.647530306468085e-15,-4.5594128830851056e-15,0.12859987234326326,0.229,-70.4275625,-129.16666666666666,-100.41666666666667,6.404000000000005,0.43118753125000003,1.5055,0.00025,0.034875,-38.48183333333331,0.16975,0.004197245190300419,0.1615233994270112,fail,184.99150000000006,0.029625,0.0018956318001856268,0.02590956167163617,fail,24.296000000000113,0.082375,0.0030738688849518293,0.07635021698549442,fail,477.18675,0.008625,0.0010338404963411909,0.006598672627171266,fail,124.75,0.040625,0.0022072213690237327,0.03629884611671348,fail,828.9308333333331,0.002875,0.0005986165691617631,0.0017017115244429442,fail
consistency,0.4,2.0,4,2,8000,0.3333333333333333,9.29252359959961,11.615654499499513,0.4592618075284091,0.900125,833.8154063541667,-94.20441666666665,423.66083333333336,2341.8855833333337,0.8538046171875,3.459625,0.133125,0.220375,-38.48183333333331,0.846875,0.004026129257348178,0.8389837866555976,pass,184.99150000000006,0.63525,0.005381768267725767,0.6247017341952574,fail,24.296000000000113,0.766375,0.004730808062252684,0.7571026161979848,fail,477.18675,0.46925,0.005579588218453043,0.458314007091832,fail,124.75,0.67575,0.005233449358453753,0.6654924392574306,fail,828.9308333333331,0.341,0.005299988207534051,0.3306120231132333,fail
consistency,0.45,0.75,4,2,8000,0.5714285714285714,-16.123041712934473,-20.153802141168093,0.0037691582854175883,0.0015,-128.11673135416666,-145.33333333333334,-128.83333333333334,-112.5,0.157426640625,0.09425,0.0,0.0,-38.48183333333331,0.000375,0.0002164657521988178,-4.9272874309682865e-05,fail,184.99150000000006,0.0,0.0,0.0,fail,24.296000000000113,0.000125,0.00012499218725584412,-0.00011998468702145444,fail,477.18675,0.0,0.0,0.0,fail,124.75,0.0,0.0,0.0,fail,828.9308333333331,0.0,0.0,0.0,fail
consistency,0.45,1.0,4,2,8000,0.5,-6.5708064516129046,-8.21350806451613,0.03264528106687074,0.04025,-106.23107145833333,-129.0,-108.41666666666667,-92.08333333333333,0.342823953125,0.537875,0.0,0.003125,-38.48183333333331,0.02025,0.0015747990943291784,0.01716339377511481,fail,184.99150000000006,0.00125,0.00039503757732651206,0.00047572634844003636,fail,24.296000000000113,0.006,0.0008634234187233979,0.004307690099302141,fail,477.18675,0.000125,0.00012499218725584412,-0.00011998468702145444,fail,124.75,0.002,0.0004994997497496871,0.0010209804904906135,fail,828.9308333333331,0.0,0.0,0.0,fail
consistency,0.45,1.5,4,2,8000,0.4,6.706301252099718,8.382876565124647,0.3674668475644448,0.789125,350.1430536458333,-121.0,88.99000000000001,1128.5069166666676,0.7458614687499999,3.177375,0.03875,0.1875,-38.48183333333331,0.7015,0.005116123410356712,0.6914723981157008,fail,184.99150000000006,0.409625,0.005498094662869584,0.3988487344607756,fail,24.296000000000113,0.580125,0.005517925157781229,0.5693098666907488,fail,477.18675,0.24975,0.004839614363510795,0.24026435584751885,fail,124.75,0.458625,0.005570997547286751,0.44770584480731795,fail,828.9308333333331,0.150625,0.00399901721325065,0.14278692626202874,fail
consistency,0.45,2.0,4,2,8000,0.3333333333333333,16.261916299299305,20.32739537412413,0.7209305227950629,0.998875,4545.082585208334,1057.2975000000001,4144.865833333333,8642.210416666667,0.9943548125,3.178,0.734,0.27925,-38.48183333333331,0.99675,0.0006363408579527146,0.9955027719184127,pass,184.99150000000006,0.984875,0.0013645619432165793,0.9822004585912955,pass,24.296000000000113,0.99475,0.0008079632958866369,0.9931663919400622,pass,477.18675,0.962875,0.002113845263228838,0.9587318632840716,pass,124.75,0.98975,0.0011261070941522382,0.9875428300954616,pass,828.9308333333331,0.92675,0.0029129975433391637,0.9210405248150552,pass
consistency,0.5,0.75,4,2,8000,0.5714285714285714,-9.484142184079104,-11.85517773009888,0.017971782738337095,0.0195,-112.32928447916666,-132.91666666666666,-112.5,-96.16666666666667,0.29646478125,0.34075,0.0,0.001875,-38.48183333333331,0.007,0.0009321346469260758,0.005173016092024892,fail,184.99150000000006,0.00025,0.00017675459682848423,-9.643900978382905e-05,fail,24.296000000000113,0.001875,0.0004836688400910276,0.0009270090734215859,fail,477.18675,0.000125,0.00012499218725584412,-0.00011998468702145444,fail,124.75,0.0005,0.00024993749218554627,1.0122515316329317e-05,fail,828.9308333333331,0.0,0.0,0.0,fail
consistency,0.5,1.0,4,2,8000,0.5,0.0,0.0,0.1390503149370126,0.295625,-63.819012916666665,-129.33333333333334,-100.41666666666667,28.103416666666675,0.445758625,1.657125,0.0005,0.040625,-38.48183333333331,0.20225,0.004490892693830482,0.19344785032009226,fail,184.99150000000006,0.035625,0.0020723133020552177,0.03156326592797177,fail,24.296000000000113,0.102125,0.00338554804232269,0.09548932583704753,fail,477.18675,0.00975,0.0010985750713993104,0.0075967928600573515,fail,124.75,0.052875,0.0025019800752354125,0.04797111905253859,fail,828.9308333333331,0.002625,0.0005720696390082243,0.0015037435075438805,fail
consistency,0.5,1.5,4,2,8000,0.4,13.41260250419944,16.765753130249298,0.6405726715079813,0.992625,2803.1347826041665,338.9804166666667,2202.0954166666666,6178.930000000002,0.9769945078125001,3.792875,0.482875,0.343125,-38.48183333333331,0.98425,0.0013920280843072116,0.9815216249547578,pass,184.99150000000006,0.935375,0.002748831783117149,0.9299872897050904,pass,24.296000000000113,0.970625,0.0018878595477087284,0.9669247952864909,pass,477.18675,0.864375,0.003828035713244457,0.8568720500020409,pass,124.75,0.947375,0.002496387624523684,0.9424820802559335,pass,828.9308333333331,0.781625,0.0046190821514533595,0.7725715989831514,fail
consistency,0.5,2.0,4,2,8000,0.3333333333333333,23.231308998999005,29.039136248748754,0.8774045600026397,1.0,10788.496077708334,6174.120666666667,10860.72625,15180.371666666668,0.999964421875,1.756625,0.98825,0.176875,-38.48183333333331,1.0,0.0,1.0,pass,184.99150000000006,1.0,0.0,1.0,pass,24.296000000000113,1.0,0.0,1.0,pass,477.18675,1.0,0.0,1.0,pass,124.75,1.0,0.0,1.0,pass,828.9308333333331,0.999375,0.0002794211371299572,0.9988273345712253,pass
consistency,0.55,0.75,4,2,8000,0.5714285714285714,-2.845242655223725,-3.556553319029656,0.08312199204854571,0.1655,-91.12770625,-129.16666666666666,-104.5,-43.13491666666664,0.3928138359375,1.14025,0.0,0.020625,-38.48183333333331,0.09325,0.0032510467064470173,0.08687794845536384,fail,184.99150000000006,0.00875,0.0010412394957453352,0.0067091705883391434,fail,24.296000000000113,0.0375,0.0021240806834958033,0.03333680186034822,fail,477.18675,0.001625,0.00045032757174638996,0.0007423579593770756,fail,124.75,0.014375,0.0013308061173119847,0.01176662001006851,fail,828.9308333333331,0.0005,0.00024993749218554627,1.0122515316329317e-05,fail
consistency,0.55,1.0,4,2,8000,0.5,6.570806451612909,8.213508064516136,0.3764771664211443,0.840375,386.577185625,-112.83333333333333,115.25791666666667,1195.3064166666668,0.7742314609375,3.388,0.038,0.216625,-38.48183333333331,0.7325,0.0049490371538310355,0.7227998871784912,fail,184.99150000000006,0.437375,0.005546148543978514,0.4265045488538021,fail,24.296000000000113,0.612625,0.005446508163206496,0.6019498440001152,fail,477.18675,0.269,0.0049578094961383904,0.25928269338756876,fail,124.75,0.49075,0.005589213244053227,0.4797951420416557,fail,828.9308333333331,0.163125,0.004130908410613215,0.15502841951519808,fail
consistency,0.55,1.5,4,2,8000,0.4,20.11890375629917,25.148629695373963,0.8369396207222263,1.0,8449.026245833333,3730.3260833333334,8412.633749999999,13096.259499999998,0.999740203125,2.542125,0.945125,0.2725,-38.48183333333331,1.0,0.0,1.0,pass,184.99150000000006,0.9995,0.0002499374921855325,0.9990101225153164,pass,24.296000000000113,1.0,0.0,1.0,pass,477.18675,0.998125,0.00048366884009102244,0.9971770090734217,pass,124.75,0.99975,0.00017675459682847447,0.9994035609902162,pass,828.9308333333331,0.99575,0.000727318491102761,0.9943244557574387,pass
consistency,0.55,2.0,4,2,8000,0.3333333333333333,30.200701698698712,37.75087712337339,0.9392085108084868,1.0,17198.590395833337,12863.136583333335,17248.534583333334,21472.9105,0.999998734375,0.8835,0.99975,0.092375,-38.48183333333331,1.0,0.0,1.0,pass,184.99150000000006,1.0,0.0,1.0,pass,24.296000000000113,1.0,0.0,1.0,pass,477.18675,1.0,0.0,1.0,pass,124.75,1.0,0.0,1.0,pass,828.9308333333331,0.999875,0.000124992187255865,0.9996300153129785,pass
consistency,0.6,0.75,4,2,8000,0.5714285714285714,3.793656873631633,4.7420710920395415,0.2730434962118866,0.67775,98.68516072916665,-125.25,-31.52875,464.73850000000004,0.635604390625,2.790125,0.00625,0.14025,-38.48183333333331,0.522,0.0055847560376439,0.511053878166218,fail,184.99150000000006,0.20975,0.004551853159703199,0.2008283678069817,fail,24.296000000000113,0.3705,0.005399418371454466,0.35991713999194924,fail,477.18675,0.09775,0.003320296249960235,0.09124221935007794,fail,124.75,0.25575,0.004877780457082914,0.24618955030411746,fail,828.9308333333331,0.04775,0.002384060021790559,0.043077242357290504,fail
consistency,0.6,1.0,4,2,8000,0.5,13.141612903225802,16.427016129032253,0.6465845793022574,0.997625,2884.3167350000003,376.14875,2212.53625,6449.91725,0.98162515625,4.18225,0.4615,0.39575,-38.48183333333331,0.987125,0.001260418302340535,0.9846545801274126,pass,184.99150000000006,0.942875,0.002594747925497773,0.9377892940660244,pass,24.296000000000113,0.977125,0.0016715163166643027,0.973848828019338,pass,477.18675,0.873375,0.003718049041079878,0.8660876238794835,pass,124.75,0.956375,0.0022836883372901397,0.9518989708589113,pass,828.9308333333331,0.787625,0.004572634079157767,0.7786626372048508,fail
consistency,0.6,1.5,4,2,8000,0.4,26.825205008398886,33.53150626049861,0.9262765505914484,1.0,15172.904791145831,10542.26225,15253.201249999998,19637.309500000003,0.99999975,1.332,0.999625,0.154875,-38.48183333333331,1.0,0.0,1.0,pass,184.99150000000006,1.0,0.0,1.0,pass,24.296000000000113,1.0,0.0,1.0,pass,477.18675,1.0,0.0,1.0,pass,124.75,1.0,0.0,1.0,pass,828.9308333333331,1.0,0.0,1.0,pass
consistency,0.6,2.0,4,2,8000,0.3333333333333333,37.1700943983984,46.462617997997995,0.9670252004328909,1.0,23122.0191746875,19017.82833333333,23154.226666666666,27187.596,1.0,0.4765,1.0,0.050375,-38.48183333333331,1.0,0.0,1.0,pass,184.99150000000006,1.0,0.0,1.0,pass,24.296000000000113,1.0,0.0,1.0,pass,477.18675,1.0,0.0,1.0,pass,124.75,1.0,0.0,1.0,pass,828.9308333333331,1.0,0.0,1.0,pass
