caporale_plastun_2019_crypto_momentum.pdf	https://www.brunel.ac.uk/economics-finance-and-accounting/research/pdf/1917-Oct-GMC-Momentum-effect-in-the-Cryptocurrency-Market-after-One-day-Abnormal-Returns.pdf	2026-10-03T05:34:39Z	181aac5d468f16b7650a68344a445e96ecfbc52f3a3619a02d72e91012262801	1494763	curl	http=200
efma2009_0102.pdf	https://efmaefm.org/0EFMAMEETINGS/EFMA%20ANNUAL%20MEETINGS/2009-Milan/papers/EFMA2009_0102_fullpaper.pdf	2026-10-03T05:34:42Z			curl	http=000
caporale_plastun_2020_gold_oil_cesifo8445.pdf	https://cesifo.org/DocDL/cesifo1_wp8445.pdf	2026-10-03T05:35:02Z	32ed63159c77e21ee19ca1b9aa3213ccf0218eb59539560b132a8e68ef0e18ea	3038	curl	http=200
caporale_gilalana_plastun_cesifo5066.pdf	https://cesifo.org/DocDL/cesifo1_wp5066.pdf	2026-10-03T05:35:02Z	32ed63159c77e21ee19ca1b9aa3213ccf0218eb59539560b132a8e68ef0e18ea	3038	curl	http=200
campbell_grossman_wang_1993.pdf	https://dash.harvard.edu/bitstream/1/3128710/2/campbell_trading.pdf	2026-10-03T05:35:03Z	f2955158df1350db965dafb40cb8a8adda76fba9650083dd931a529655ee215a	1585781	curl	http=200
caporale_plastun_2020_gold_oil_brunel.pdf	https://bura.brunel.ac.uk/bitstream/2438/21825/6/FullText.pdf	2026-10-03T05:35:09Z	1f5d5cfb56cd1b6d8ece1870ed33b160b26503e24f593a3b791e90435a55427d	692210	curl	http=200
hu_pan_wang_zhu_nber_w25817.pdf	http://www.nber.org/papers/w25817.pdf	2026-10-03T05:35:46Z	3c66010b1582e55b9f5722f162003baa761e1c872b76cc47ced6f1588c3e3ae4	634417	curl	http=200
simon_wiggins_2001_ideas.html	https://ideas.repec.org/a/wly/jfutmk/v21y2001i5p447-462.html	2026-10-03T05:35:48Z	0d119b47c831a530d48b4440d0feb8222ed76de89fee42f67fa15787f0197f4e	31669	curl	http=200
wang_yu_2004_ideas.html	https://ideas.repec.org/a/eee/jbfina/v28y2004i6p1337-1361.html	2026-10-03T05:35:48Z	6ba604aa20f87e64a8de3a8ea03a537c3a579d9c277a60c5d022d1483e8b0fb8	49026	curl	http=200
fassas_hourvouliades_2019_jrfm.pdf	https://mdpi-res.com/d_attachment/jrfm/jrfm-12-00113/article_deploy/jrfm-12-00113-v2.pdf	2026-10-03T05:36:25Z	a2f473f420c2a162de1864b5e9ad1ec5d0188610ff1eb3a457cad3c75b61b478	454269	curl	http=200
connolly_stivers_sun_nber2004.pdf	https://users.nber.org/~confer/2004/URCf04subs/connolly.pdf	2026-10-03T05:36:25Z	c69cd6d967108697f1927a30dfc6133c91a2a584bccef5a0c7379d7c83c28bbe	917179	curl	http=200
nagel_nber_w17653.pdf	https://www.nber.org/papers/w17653.pdf	2026-10-03T05:36:27Z	88f670eafd30c0396018bca55bf90fc050378d23d4d2518dc57421e7248a5294	449659	curl	http=200
connolly_stivers_sun_atlfed_wp0203a.pdf	https://www.atlantafed.org/-/media/documents/research/publications/wp/2002/wp0203a.pdf	2026-10-03T05:36:46Z	4d228b5fc1e5f0e37d5387c3e2d25637c7187c9aa4fb498323224069957958b5	48165	curl	http=200
giot_uclouvain.pdf	https://research.dial.uclouvain.be/bitstreams/995d05e0-4d85-40d7-8ea7-3391a0e4365e/download	2026-10-03T05:37:11Z	1133a42b811217be07ebfd9d0bf04bd8685bfab556e3600bc604c652493a301f	5499183	curl	http=200
wallmeier_efma2008.pdf	https://www.efmaefm.org/0EFMAMEETINGS/EFMA%20ANNUAL%20MEETINGS/2008-Athens/papers/Wallmeier.pdf	2026-10-03T05:37:16Z			curl	http=000
moreira_muir_nber_w22208.pdf	https://www.nber.org/papers/w22208.pdf	2026-10-03T05:37:45Z	be1ea92102e1394e9ddec9545489902f45e5a07b42bd4c42faf8ee372e99fa7a	1013730	curl	http=200
banerjee_doran_peterson_fsu.pdf	https://its.fsu.edu/content/download/41618/268931/file	2026-10-03T05:37:56Z	0abe8c116f9ecab9a82ad2dfb9071805875b67058eb803d336a74c255ae3cfa8	55212	curl	http=404
bnp_carry_nber_w14473.pdf	https://www.nber.org/papers/w14473.pdf	2026-10-03T05:37:57Z	f6ca74e323dfe2472857c4cacda49d19caffa7c182695131b7ed6dc1b5eb0942	260385	curl	http=200
wang_yu_2004_jbf.pdf	http://tcnh.ntt.edu.vn/images/futures/6.pdf	2026-10-03T05:39:10Z	b472fa8f7dd3386c7b9ed7ba8f3d28a1b202048ffb1cad2f8071ba4843197c23	60412	curl	http=200
janardanan_limits.pdf	https://www.ou.edu/content/dam/price/Finance/energyfinanceconference/papers/Janardanan-et-al-Limits%20Paper.pdf	2026-10-03T05:39:12Z	f8a3ed6596667a3d37fd17cc879f7b594bd91242b743a34829f602a3d1ec28fc	783644	curl	http=200
hull_371741.pdf	https://hull-repository.worktribe.com/OutputFile/371741	2026-10-03T05:39:13Z	ca145b2ab1edeafc166fe23f8fcf1f4c38e494c31a1215984d2452d737c4e12b	5663	curl	http=403
fed_feds2014_86_margins.pdf	https://fedinprint.org/item/fedgfe/35436/original	2026-10-03T05:39:13Z			curl	http=000
schmidhuber_arxiv2006.07847.pdf	https://arxiv.org/pdf/2006.07847	2026-10-03T05:39:13Z	9d46b273053d2409cafe9b2a9f7973ae1ab66d25f104c00633aa3161e1dabe9a	936603	curl	http=200
abs_wang_yu_2004.json	https://api.openalex.org/works?filter=title.search:Trading%20activity%20and%20price%20reversals%20in%20futures%20markets&per-page=1	2026-10-03T05:39:45Z	873663d82a331a985dc1e0f146ed50c519625035242df891c5459772f7031209	14705	curl(OpenAlex API)	abstract
feds_2014_46.pdf	https://www.federalreserve.gov/pubs/feds/2014/201446/201446pap.pdf	2026-10-03T05:40:10Z	efa5c3bc700d06adcf466005dfec1c40ca3edfbe9401dffcd1bd52b115c036d3	612055	curl	http=200
farmdoc_confp14-08.pdf	https://farmdoc.illinois.edu/assets/meetings/nccc134/conf_2008/pdf/confp14-08.pdf	2026-10-03T05:40:35Z	8e5d8ecc9ab21c2c3907843a5c2dd9107c59579cd6afdffa4e0beb6381a30b45	457560	curl	http=200
marshall_cahan_2008_ideas.html	https://ideas.repec.org/a/eee/jbfina/v32y2008i9p1810-1819.html	2026-10-03T05:40:35Z	9e040c335192440bb2464de2f4bfdcf99a49e33fc0c5481795aed5244a80eb13	49764	curl	http=200
abs_marshall_2008.json	https://api.openalex.org/works?filter=title.search:Can%20commodity%20futures%20be%20profitably%20traded%20with%20quantitative%20market%20timing%20strategies&per-page=1	2026-10-03T05:40:44Z	89c4824c6c29ca46f32c48cafad6eff2d37035d983143324ed7eda940368b63b	13829	curl(OpenAlex API)	abstract
marshall_young_rose_massey.pdf	https://mro.massey.ac.nz/bitstreams/7afc8049-23a1-4fe9-ac3a-792d6403ef1c/download	2026-10-03T05:41:21Z	2e003df6c20fc9b2af4b8b06cb8b4d2a635265d73aa32e50ffa2057fd1cb48e8	460880	curl	http=200
bianco_corsi_reno_2009_pnas.pdf	https://scholarworks.wm.edu/server/api/core/bitstreams/f5cbe32b-44e9-403b-ae61-00de4eb9b239/content	2026-10-03T05:41:55Z	73b5d5cc3e8a16f4fd18f207b16eacae3f84a09362a1b981ed92eb349552537c	1560705	curl	http=200
cand_ssoar22131.pdf	https://ssoar.info/ssoar/bitstream/document/22131/1/22131_1.pdf	2026-10-03T05:41:58Z	880cd9bddd7031942095640f702f4d937556b8b753d7be22104dc5d9c02c9846	24773	curl	http=200
cand_durham1414981.pdf	https://durham-repository.worktribe.com/OutputFile/1414981	2026-10-03T05:41:59Z	8bdf3637bc1880f9336ea0d23de4a91310d324bc3a9d76e71c0c9d62dae98cb1	5689	curl	http=403
cand_redalyc.pdf	https://www.redalyc.org/pdf/3058/305830999002.pdf	2026-10-03T05:42:00Z	314c173a467ed3bb19bdf5700208b464ace4992b9c1fcad97649d3ed3acd6a23	282527	curl	http=200
kudryavtsev_2021_econstudies.pdf	https://www.iki.bas.bg/Journals/EconomicStudies/2021/2021-7/3_Andrey-Kudryavtsev_f-F.pdf	2026-10-03T05:42:34Z	80f62da465131504cc4c50fa71ba2a559eb0a58ab2692a517f54bf141402e58f	147506	curl	http=200
cand_atlfed13394.pdf	https://www.fedinprint.org/item/fedawp/13394/original	2026-10-03T05:42:38Z			curl	http=000
cand_uwasa.pdf	https://osuva.uwasa.fi/bitstreams/dab53ba4-393d-4f3a-bca7-c012f6fcf596/download	2026-10-03T05:42:38Z	2820f9f0328efacf0816bd283e96ec3265091325d13aa113f81569135292de62	1122495	curl	http=200
joseph_mazouz_2010_coventry.md	https://pureportal.coventry.ac.uk/en/publications/testing-for-overreaction-and-return-continuations-in-stock-price-/	2026-10-03T05:42:59Z	ec412274df4629c7a53a2a4d95885866c14cafb293449e7dd641508cea47d3fd	10752	scrapling extract get	abstract page
abs_large_oneday_commodity.json	https://api.openalex.org/works?filter=title.search:Analysing%20large%20one-day%20commodity%20futures%20price%20changes&per-page=1	2026-10-03T05:43:05Z	4bab77c5e4d830e584c2f312eab2387c22280230612e87a59527f96edba22191	12161	curl(OpenAlex API)	abstract
abs_sentana_wadhwani.json	https://api.openalex.org/works?filter=title.search:Feedback%20traders%20and%20stock%20return%20autocorrelations%3A%20evidence%20from%20a%20century%20of%20daily%20data&per-page=1	2026-10-03T05:43:05Z	a88284b1bb78df12d9c8304fa12fee0098d58fafaf30fffc0f2143faa55fd2d3	12706	curl(OpenAlex API)	abstract
abs_lebaron1992.json	https://api.openalex.org/works?filter=title.search:Some%20relations%20between%20volatility%20and%20serial%20correlations%20in%20stock%20market%20returns&per-page=1	2026-10-03T05:43:06Z	c2726971ff26c0aa832bb32baa18f16d4a2ff7c228db103c5b9a884322bd93ab	12173	curl(OpenAlex API)	abstract
sentana_wadhwani_1992_ideas.html	https://ideas.repec.org/a/ecj/econjl/v102y1992i411p415-25.html	2026-10-03T05:43:11Z	58a5ad82cbf2e0938e0a094b91ef687fb93ef96d9951c14a2a212c096997d62b	31629	curl	http=200
feds_2014_86_margins.pdf	https://www.federalreserve.gov/econresdata/feds/2014/files/201486pap.pdf	2026-10-03T05:43:17Z	3bb9205526498e387d8efc5d8b851ef188a6a619e7c5b8c440c8104c9201670f	745546	curl	http=200
hedegaard_aqr_margins.md	https://www.aqr.com/library/working-papers/causes-and-consequences-of-margin-levels-in-futures-markets	2026-10-03T05:43:34Z	a38f24eaa7b9416093f125bef693f80dd9bcf86ec7885204cd3cd2847d00721f	12494	scrapling extract get	summary page
lubnau_todorova_2015_ideas.html	https://ideas.repec.org/a/taf/eurjfi/v21y2015i15p1282-1296.html	2026-10-03T05:43:58Z	8471713c69e0dcb9e23de13d5682522c60661bf48fe62c242f9d36c5da598947	35326	curl	http=200
copeland_1999_ideas.html	https://ideas.repec.org/a/taf/ufajxx/v55y1999i2p73-81.html	2026-10-03T05:43:58Z	f9005184d18fcc2ecbebd6e37dbe8673a6b2e297d85e9efde0b97bc82b6395f8	32424	curl	http=200
abs_highvix_threshold.json	https://api.openalex.org/works?filter=title.search:Time-varying%20equity%20premia%20with%20a%20high-VIX%20threshold&per-page=1	2026-10-03T05:44:16Z	a78e65fee92c78b3739153c8c65d030f7e6e624e4543a74fe278e33bee1d64aa	523	curl(OpenAlex API)	abstract
bansal_stivers_quantpedia_pointer.md	https://quantpedia.com/time-varying-equity-premia-with-a-high-vix-threshold/	2026-10-03T05:44:47Z	8e7d9cb194fd59ead795a40593865c58a3ff7a38c3006f408d3c9f1c18563a31	22281	scrapling extract get	pointer page reproducing abstract
(not saved)	https://papers.ssrn.com/sol3/papers.cfm?abstract_id=4477652	2026-10-03T05:44:47Z	-	-	scrapling get+fetch	blocked (59 and 659 bytes, no content)
abs_savor2012.json	https://api.openalex.org/works?filter=title.search:Stock%20returns%20after%20major%20price%20shocks%3A%20The%20impact%20of%20information&per-page=1	2026-10-03T05:45:06Z	1ad6154202a3b66d5db2b9abd5c24b607f4569c4b47716673a58ea7a0a40bdfb	14815	curl(OpenAlex API)	abstract
cand_spoudai.pdf	https://spoudai.unipi.gr/index.php/spoudai/article/download/975/1054	2026-10-03T05:45:32Z			curl	http=000
caporale_gilalana_plastun_2018_abstract.pdf	https://mev.biem.sumdu.edu.ua/wp-content/uploads/2021/04/Plastun_32.pdf	2026-10-03T05:45:41Z	60e87ac46da15df70f6c8df3c404eec58346b4d538ffb63176e41000c9ab8640	55211	curl	http=200
caporale_gilalana_plastun_diw_dp1423.pdf	https://www.diw.de/documents/publikationen/73/diw_01.c.488819.de/dp1423.pdf	2026-10-03T05:45:54Z	e373e34368bd9b48cb43babdc8b1bf12fce8af80486f8f373e3a1ddc2857613d	464832	curl	http=200
