bls_empsit_archive.html|https://www.bls.gov/bls/news-release/empsit.htm|2026-10-03T06:03:23Z|ACCESS-DENIED-PAGE(1325 bytes, file deleted)|1325|curl (browser UA)
bls_cpi_archive.html|https://www.bls.gov/bls/news-release/cpi.htm|2026-10-03T06:03:23Z|ACCESS-DENIED-PAGE(1325 bytes, file deleted)|1325|curl (browser UA)
bls_ppi_archive.html|https://www.bls.gov/bls/news-release/ppi.htm|2026-10-03T06:03:23Z|ACCESS-DENIED-PAGE(1325 bytes, file deleted)|1325|curl (browser UA)
fed_fomccalendars.html|https://www.federalreserve.gov/monetarypolicy/fomccalendars.htm|2026-10-03T06:03:24Z|cdb244115a35ff71245054736c18612d285a4aae0944ae076b69b4bec771eeba|153563|scrapling extract get
bls_empsit_archive_sget.html|https://www.bls.gov/bls/news-release/empsit.htm|2026-10-03T06:03:27Z|63f1d954de48a8cdef47a820ff372d7f81077e7b87f972682fb4cffc27493b92|126149|scrapling extract get
bls_cpi_archive_sget.html|https://www.bls.gov/bls/news-release/cpi.htm|2026-10-03T06:03:34Z|ac85b6187939b2f3347db173f27db59532423bd617ba78229c1477297b4fd580|122850|scrapling extract get
bls_ppi_archive_sget.html|https://www.bls.gov/bls/news-release/ppi.htm|2026-10-03T06:03:34Z|452dd321d767c1d6433bf9e545bebae15705b3ddc260fd2069696f6ab92f6a49|124065|scrapling extract get
bea_schedule_full.html|https://www.bea.gov/news/schedule/full|2026-10-03T06:04:31Z|8d5dd860bbb3dcf927a7039ee5ce0f2c543d2719482f4c020b46af0abb43fbb5|120785|scrapling extract get
bea_gdp_news_archive.html|https://www.bea.gov/news/archive?field_related_product_target_id=451|2026-10-03T06:04:32Z|36edcb0b6d07289a7fd5dc7fb86729039f65cf8a1e3e2f9bc9a929857fd59fc5|75880|scrapling extract get
bea_gdp_page.html|https://www.bea.gov/data/gdp/gross-domestic-product|2026-10-03T06:04:33Z|db51053f4b41947e0b0203b9454eedbc10c7bb8415383ebd6e1a345fba104494|55331|scrapling extract get
ism_rob_calendar.html|https://www.ismworld.org/supply-management-news-and-reports/reports/rob-report-calendar/|2026-10-03T06:05:19Z|CAPTCHA-PAGE(654 bytes, file deleted)|654|scrapling extract get
ism_rob_calendar_fetch.html|https://www.ismworld.org/supply-management-news-and-reports/reports/rob-report-calendar/|2026-10-03T06:05:30Z|6f6b69604d0e512aa4969d8a2db2762b3e682095d63bd7c8773dfb8a59d387d0|741864|scrapling extract fetch
ism_rob_calendar_wayback_20251009.html|http://web.archive.org/web/20251009234426/https://www.ismworld.org/supply-management-news-and-reports/reports/rob-report-calendar/|2026-10-03T06:05:57Z|NON-CONTENT(620 bytes, file deleted; see next row)|620|curl (browser UA)
ism_rob_calendar_wayback_20251009.html|https://web.archive.org/web/20251009234426/https://www.ismworld.org/supply-management-news-and-reports/reports/rob-report-calendar/|2026-10-03T06:06:03Z|f17e788c8c52999734ebce42b0de0ce8f510d42b4f228a280e314b8df7923c68|91204|scrapling extract get
bls_empsit_11202025.html|https://www.bls.gov/news.release/archives/empsit_11202025.htm|2026-10-03T06:11:34Z|16d6bbcd04f23f85941cd6bb118012acbafe83c81bdd5401267a44aeff1fe7ec|1054307|scrapling extract get
bls_cpi_10242025.html|https://www.bls.gov/news.release/archives/cpi_10242025.htm|2026-10-03T06:11:35Z|f869e0c9d6b79d7f3cff02c672d0265e5efa7fd27a9a2751533c4f0a34ffcdc3|1351457|scrapling extract get
bls_ppi_11252025.html|https://www.bls.gov/news.release/archives/ppi_11252025.htm|2026-10-03T06:11:35Z|826ca4886c947f94eb34aeec8f9bebd75321e4d20bf95155ce1cfc653e45a9f4|1585857|scrapling extract get
