Date of Data,Close,Open,High,Low
"2020/01/06","23204.86","23319.76","23365.36","23148.53"
"2020/01/07","23575.72","23320.12","23577.44","23299.92"
"2020/01/08","23204.76","23217.49","23303.21","22951.18"
"2020/01/09","23739.87","23530.29","23767.09","23506.15"
"2020/01/10","23850.57","23813.28","23903.29","23761.08"
"2020/01/14","24025.17","23969.04","24059.86","23951.66"
"2020/01/15","23916.58","23923.48","23997.39","23875.82"
"2020/01/16","23933.13","23960.20","23975.38","23905.38"
"2020/01/17","24041.26","24103.45","24115.95","24013.75"
"2020/01/20","24083.51","24080.68","24108.11","24061.67"
"2020/01/21","23864.56","24072.81","24081.75","23843.48"
"2020/01/22","24031.35","23835.49","24040.87","23831.10"
"2020/01/23","23795.44","23843.51","23910.01","23779.23"
"2020/01/24","23827.18","23850.12","23869.38","23755.32"
"2020/01/27","23343.51","23427.90","23463.89","23317.32"
"2020/01/28","23215.71","23126.93","23243.36","23115.15"
"2020/01/29","23379.40","23309.32","23392.61","23214.28"
"2020/01/30","22977.75","23284.58","23318.57","22892.95"
"2020/01/31","23205.18","23148.92","23421.59","23139.98"
"2020/02/03","22971.94","22874.27","23023.73","22775.92"
"2020/02/04","23084.59","22881.13","23118.13","22854.45"
"2020/02/05","23319.56","23351.47","23414.69","23241.64"
"2020/02/06","23873.59","23641.10","23995.37","23625.13"
"2020/02/07","23827.98","23899.01","23943.45","23759.42"
"2020/02/10","23685.98","23631.79","23788.25","23621.72"
"2020/02/12","23861.21","23741.21","23869.73","23693.72"
"2020/02/13","23827.73","23849.76","23908.85","23784.31"
"2020/02/14","23687.59","23714.52","23738.42","23603.48"
"2020/02/17","23523.24","23489.78","23561.98","23335.99"
"2020/02/18","23193.80","23398.57","23402.01","23133.60"
"2020/02/19","23400.70","23329.33","23468.56","23234.96"
"2020/02/20","23479.15","23666.58","23806.56","23426.42"
"2020/02/21","23386.74","23427.77","23588.55","23378.33"
"2020/02/25","22605.41","22949.37","22950.23","22335.21"
"2020/02/26","22426.19","22374.14","22456.55","22127.42"
"2020/02/27","21948.23","22255.83","22272.26","21844.29"
"2020/02/28","21142.96","21518.01","21528.13","20916.40"
"2020/03/02","21344.08","20849.79","21593.11","20834.29"
"2020/03/03","21082.73","21651.99","21719.78","21082.73"
"2020/03/04","21100.06","20897.20","21245.93","20862.05"
"2020/03/05","21329.12","21399.87","21399.87","21220.76"
"2020/03/06","20749.75","21009.80","21061.20","20613.91"
"2020/03/09","19698.76","20343.31","20347.19","19472.26"
"2020/03/10","19867.12","19474.89","19970.35","18891.77"
"2020/03/11","19416.06","19758.26","19974.83","19392.25"
"2020/03/12","18559.63","19064.51","19142.18","18339.27"
"2020/03/13","17431.05","18183.47","18184.46","16690.60"
"2020/03/16","17002.04","17586.08","17785.76","16914.45"
"2020/03/17","17011.53","16726.95","17557.04","16378.94"
"2020/03/18","16726.55","17154.08","17396.84","16698.46"
"2020/03/19","16552.83","16995.77","17160.97","16358.19"
"2020/03/23","16887.78","16570.57","17049.03","16480.95"
"2020/03/24","18092.35","17206.88","18100.39","17197.14"
"2020/03/25","19546.63","18446.80","19564.38","18446.80"
"2020/03/26","18664.60","19234.77","19240.29","18512.81"
"2020/03/27","19389.43","19021.97","19389.43","18832.21"
"2020/03/30","19084.97","18884.07","19084.97","18578.20"
"2020/03/31","18917.01","19181.90","19336.19","18834.16"
"2020/04/01","18065.41","18686.12","18784.25","17871.62"
"2020/04/02","17818.72","17934.42","18132.04","17707.66"
"2020/04/03","17820.19","17951.44","18059.15","17646.50"
"2020/04/06","18576.30","17857.99","18672.26","17802.62"
"2020/04/07","18950.18","18878.86","19162.52","18553.14"
"2020/04/08","19353.24","19047.76","19454.34","18730.80"
"2020/04/09","19345.77","19376.00","19406.96","19158.55"
"2020/04/10","19498.50","19500.07","19500.07","19235.96"
"2020/04/13","19043.40","19312.04","19355.04","19014.32"
"2020/04/14","19638.81","19150.30","19705.99","19093.12"
"2020/04/15","19550.09","19589.25","19660.68","19465.95"
"2020/04/16","19290.20","19311.30","19362.17","19154.41"
"2020/04/17","19897.26","19575.85","19922.07","19554.70"
"2020/04/20","19669.12","19689.85","19784.38","19611.79"
"2020/04/21","19280.78","19479.83","19529.06","19193.22"
"2020/04/22","19137.95","19109.18","19137.95","18858.25"
"2020/04/23","19429.44","19313.04","19429.44","19221.54"
"2020/04/24","19262.00","19331.86","19352.24","19175.38"
"2020/04/27","19783.22","19410.84","19819.06","19410.18"
"2020/04/28","19771.19","19776.18","19841.78","19638.48"
"2020/04/30","20193.69","20105.68","20365.89","20084.83"
"2020/05/01","19619.35","19991.97","20000.25","19551.73"
"2020/05/07","19674.77","19468.52","19720.87","19448.93"
"2020/05/08","20179.09","19972.09","20179.09","19894.58"
"2020/05/11","20390.66","20333.73","20534.88","20285.04"
"2020/05/12","20366.48","20413.23","20457.37","20293.97"
"2020/05/13","20267.05","20140.92","20329.89","20056.46"
"2020/05/14","19914.78","20140.49","20185.00","19902.93"
"2020/05/15","20037.47","20149.79","20198.25","19832.88"
"2020/05/18","20133.73","20097.62","20197.59","19999.10"
"2020/05/19","20433.45","20469.52","20659.46","20433.45"
"2020/05/20","20595.15","20454.49","20684.46","20454.03"
"2020/05/21","20552.31","20692.59","20734.91","20503.87"
"2020/05/22","20388.16","20583.95","20615.12","20334.99"
"2020/05/25","20741.65","20653.41","20741.65","20584.06"
"2020/05/26","21271.17","20927.96","21328.34","20918.11"
"2020/05/27","21419.23","21249.31","21475.68","21142.72"
"2020/05/28","21916.31","21612.90","21926.29","21580.50"
"2020/05/29","21877.89","21807.63","21955.44","21710.80"
"2020/06/01","22062.39","21910.89","22161.39","21898.99"
"2020/06/02","22325.61","22175.52","22401.79","22118.40"
"2020/06/03","22613.76","22649.01","22818.87","22462.68"
"2020/06/04","22695.74","22885.14","22907.92","22501.81"
"2020/06/05","22863.73","22613.08","22865.88","22563.56"
"2020/06/08","23178.10","23121.98","23178.10","23028.62"
"2020/06/09","23091.03","23135.79","23185.85","22933.14"
"2020/06/10","23124.95","22939.00","23175.82","22900.30"
"2020/06/11","22472.91","22848.02","22939.39","22466.54"
"2020/06/12","22305.48","22082.12","22350.30","21786.93"
"2020/06/15","21530.95","22135.27","22251.83","21529.83"
"2020/06/16","22582.21","21912.29","22624.14","21899.48"
"2020/06/17","22455.76","22517.14","22536.38","22318.07"
"2020/06/18","22355.46","22363.88","22432.25","22125.35"
"2020/06/19","22478.79","22515.75","22523.66","22352.16"
"2020/06/22","22437.27","22353.69","22575.74","22311.94"
"2020/06/23","22549.05","22636.06","22693.89","22257.14"
"2020/06/24","22534.32","22541.01","22663.29","22479.86"
"2020/06/25","22259.79","22287.87","22423.41","22165.14"
"2020/06/26","22512.08","22424.37","22589.14","22408.27"
"2020/06/29","21995.04","22255.05","22281.38","21969.59"
"2020/06/30","22288.14","22335.10","22448.30","22273.38"
"2020/07/01","22121.73","22338.30","22360.31","22039.56"
"2020/07/02","22145.96","22182.68","22267.51","22072.11"
"2020/07/03","22306.48","22266.91","22312.44","22154.97"
"2020/07/06","22714.44","22341.27","22734.11","22325.75"
"2020/07/07","22614.69","22649.90","22742.28","22540.44"
"2020/07/08","22438.65","22481.61","22667.95","22438.65"
"2020/07/09","22529.29","22442.30","22679.08","22434.38"
"2020/07/10","22290.81","22534.97","22563.68","22285.07"
"2020/07/13","22784.74","22591.81","22784.74","22561.47"
"2020/07/14","22587.01","22631.87","22677.02","22538.78"
"2020/07/15","22945.50","22817.91","22965.56","22800.11"
"2020/07/16","22770.36","22907.96","22925.90","22739.42"
"2020/07/17","22696.42","22807.57","22857.82","22643.52"
"2020/07/20","22717.48","22772.07","22788.53","22580.19"
"2020/07/21","22884.22","22789.38","22925.58","22780.22"
"2020/07/22","22751.61","22791.75","22855.31","22732.92"
"2020/07/27","22715.85","22495.95","22741.13","22429.57"
"2020/07/28","22657.38","22735.02","22842.19","22646.22"
"2020/07/29","22397.11","22543.89","22584.87","22366.34"
"2020/07/30","22339.23","22489.24","22506.60","22334.71"
"2020/07/31","21710.00","22267.59","22295.05","21710.00"
"2020/08/03","22195.38","21947.58","22214.59","21919.83"
"2020/08/04","22573.66","22379.74","22603.82","22379.74"
"2020/08/05","22514.85","22479.72","22554.20","22356.25"
"2020/08/06","22418.15","22471.71","22587.75","22362.89"
"2020/08/07","22329.94","22433.78","22436.16","22204.61"
"2020/08/11","22750.24","22505.51","22760.87","22497.07"
"2020/08/12","22843.96","22747.44","22874.37","22670.74"
"2020/08/13","23249.61","23123.36","23316.69","23111.50"
"2020/08/14","23289.36","23323.92","23338.79","23222.85"
"2020/08/17","23096.75","23189.48","23248.75","23068.53"
"2020/08/18","23051.08","23097.80","23128.18","22948.89"
"2020/08/19","23110.61","22997.93","23149.85","22953.60"
"2020/08/20","22880.62","23003.58","23078.36","22851.83"
"2020/08/21","22920.30","23022.76","23135.43","22920.30"
"2020/08/24","22985.51","22913.20","23012.71","22862.54"
"2020/08/25","23296.77","23242.74","23431.04","23225.39"
"2020/08/26","23290.86","23257.05","23348.80","23203.00"
"2020/08/27","23208.86","23311.04","23323.07","23177.85"
"2020/08/28","22882.65","23232.30","23376.13","22594.79"
"2020/08/31","23139.76","23147.14","23342.32","23102.61"
"2020/09/01","23138.07","23089.63","23206.66","23047.77"
"2020/09/02","23247.15","23261.09","23287.40","23170.82"
"2020/09/03","23465.53","23524.49","23580.51","23426.11"
"2020/09/04","23205.43","23130.32","23257.69","23098.77"
"2020/09/07","23089.95","23145.47","23218.22","23086.89"
"2020/09/08","23274.13","23188.79","23277.66","23129.66"
"2020/09/09","23032.54","22966.89","23059.02","22878.71"
"2020/09/10","23235.47","23193.47","23250.31","23134.02"
"2020/09/11","23406.49","23114.63","23412.93","23114.63"
"2020/09/14","23559.30","23431.16","23582.21","23429.42"
"2020/09/15","23454.89","23438.83","23477.86","23351.35"
"2020/09/16","23475.53","23425.23","23506.45","23397.43"
"2020/09/17","23319.37","23416.62","23446.39","23272.23"
"2020/09/18","23360.30","23321.19","23398.46","23290.19"
"2020/09/23","23346.49","23245.89","23370.13","23154.45"
"2020/09/24","23087.82","23215.00","23234.72","23039.48"
"2020/09/25","23204.62","23217.33","23272.67","23154.66"
"2020/09/28","23511.62","23391.96","23516.04","23303.03"
"2020/09/29","23539.10","23410.50","23622.74","23347.64"
"2020/09/30","23185.12","23478.85","23522.38","23170.89"
"2020/10/01","23185.12","23185.12","23185.12","23185.12"
"2020/10/02","23029.90","23294.80","23365.58","22951.41"
"2020/10/05","23312.14","23254.28","23377.43","23252.69"
"2020/10/06","23433.73","23420.07","23441.16","23331.40"
"2020/10/07","23422.82","23272.45","23432.73","23272.45"
"2020/10/08","23647.07","23506.34","23701.77","23477.73"
"2020/10/09","23619.69","23713.86","23725.58","23552.73"
"2020/10/12","23558.69","23588.74","23597.91","23501.26"
"2020/10/13","23601.78","23667.90","23667.90","23490.95"
"2020/10/14","23626.73","23545.66","23656.70","23518.81"
"2020/10/15","23507.23","23548.45","23581.16","23458.43"
"2020/10/16","23410.63","23478.40","23538.74","23382.67"
"2020/10/19","23671.13","23543.69","23707.16","23543.69"
"2020/10/20","23567.04","23587.87","23674.87","23518.29"
"2020/10/21","23639.46","23615.52","23702.30","23611.33"
"2020/10/22","23474.27","23525.59","23555.78","23436.17"
"2020/10/23","23516.59","23558.71","23587.90","23469.13"
"2020/10/26","23494.34","23520.78","23572.60","23475.52"
"2020/10/27","23485.80","23376.96","23485.80","23232.31"
"2020/10/28","23418.51","23372.61","23451.03","23334.23"
"2020/10/29","23331.94","23170.76","23374.10","23170.76"
"2020/10/30","22977.13","23320.71","23320.71","22948.47"
"2020/11/02","23295.48","23110.74","23370.91","23096.79"
"2020/11/04","23695.23","23619.58","23801.88","23505.78"
"2020/11/05","24105.28","23776.20","24112.42","23756.78"
"2020/11/06","24325.23","24076.22","24389.00","24039.16"
"2020/11/09","24839.84","24568.84","24962.80","24541.28"
"2020/11/10","24905.59","25087.30","25279.94","24833.18"
"2020/11/11","25349.60","25145.66","25401.30","25145.66"
"2020/11/12","25520.88","25439.35","25587.96","25316.60"
"2020/11/13","25385.87","25405.64","25456.18","25215.31"
"2020/11/16","25906.93","25652.69","25928.18","25640.29"
"2020/11/17","26014.62","26043.45","26057.30","25851.54"
"2020/11/18","25728.14","25860.55","25882.14","25656.70"
"2020/11/19","25634.34","25628.73","25650.86","25474.94"
"2020/11/20","25527.37","25486.83","25555.37","25425.59"
"2020/11/24","26165.59","25901.45","26261.78","25901.45"
"2020/11/25","26296.86","26468.52","26706.42","26258.35"
"2020/11/26","26537.31","26255.47","26560.03","26255.47"
"2020/11/27","26644.71","26530.28","26672.40","26419.05"
"2020/11/30","26433.62","26830.10","26834.20","26405.83"
"2020/12/01","26787.54","26624.20","26852.16","26618.39"
"2020/12/02","26800.98","26884.99","26889.90","26695.28"
"2020/12/03","26809.37","26740.30","26868.09","26719.23"
"2020/12/04","26751.24","26697.26","26799.83","26646.08"
"2020/12/07","26547.44","26894.25","26894.25","26500.32"
"2020/12/08","26467.08","26380.32","26523.30","26327.08"
"2020/12/09","26817.94","26526.34","26826.78","26520.60"
"2020/12/10","26756.24","26688.50","26852.77","26639.98"
"2020/12/11","26652.52","26732.85","26819.41","26553.01"
"2020/12/14","26732.44","26659.53","26870.47","26648.69"
"2020/12/15","26687.84","26683.11","26736.84","26605.54"
"2020/12/16","26757.40","26835.59","26874.98","26717.03"
"2020/12/17","26806.67","26744.50","26843.05","26676.28"
"2020/12/18","26763.39","26775.53","26824.29","26707.30"
"2020/12/21","26714.42","26834.10","26905.67","26533.63"
"2020/12/22","26436.39","26559.33","26639.99","26361.66"
"2020/12/23","26524.79","26580.43","26585.21","26414.74"
"2020/12/24","26668.35","26635.11","26764.53","26605.26"
"2020/12/25","26656.61","26708.10","26716.61","26638.28"
"2020/12/28","26854.03","26691.29","26854.03","26664.60"
"2020/12/29","27568.15","26936.38","27602.52","26921.14"
"2020/12/30","27444.17","27559.10","27572.57","27338.56"
"2021/01/04","27258.38","27575.57","27602.11","27042.32"
"2021/01/05","27158.63","27151.38","27279.78","27073.46"
"2021/01/06","27055.94","27102.85","27196.40","27002.18"
"2021/01/07","27490.13","27340.46","27624.73","27340.46"
"2021/01/08","28139.03","27720.14","28139.03","27667.75"
"2021/01/12","28164.34","28004.37","28287.37","27899.45"
"2021/01/13","28456.59","28140.10","28503.43","28133.59"
"2021/01/14","28698.26","28442.73","28979.53","28411.58"
"2021/01/15","28519.18","28777.47","28820.50","28477.03"
"2021/01/18","28242.21","28238.68","28349.97","28111.54"
"2021/01/19","28633.46","28405.49","28720.91","28373.34"
"2021/01/20","28523.26","28798.74","28801.19","28402.11"
"2021/01/21","28756.86","28710.41","28846.15","28677.61"
"2021/01/22","28631.45","28580.20","28698.18","28527.16"
"2021/01/25","28822.29","28698.89","28822.29","28566.85"
"2021/01/26","28546.18","28696.30","28740.71","28527.81"
"2021/01/27","28635.21","28665.34","28754.99","28542.00"
"2021/01/28","28197.42","28169.27","28360.48","27975.85"
"2021/01/29","27663.39","28320.72","28320.72","27629.80"
"2021/02/01","28091.05","27649.07","28107.10","27649.07"
"2021/02/02","28362.17","28207.48","28379.31","28089.12"
"2021/02/03","28646.50","28482.71","28669.95","28402.30"
"2021/02/04","28341.95","28557.46","28600.22","28325.89"
"2021/02/05","28779.19","28631.46","28785.71","28548.27"
"2021/02/08","29388.50","28831.58","29400.56","28817.60"
"2021/02/09","29505.93","29435.61","29585.75","29350.48"
"2021/02/10","29562.93","29412.55","29562.93","29368.18"
"2021/02/12","29520.07","29635.88","29650.51","29417.32"
"2021/02/15","30084.15","29662.41","30092.34","29662.41"
"2021/02/16","30467.75","30229.46","30714.52","30191.65"
"2021/02/17","30292.19","30366.82","30398.20","30191.01"
"2021/02/18","30236.09","30311.98","30560.49","30140.01"
"2021/02/19","30017.92","29970.59","30169.59","29847.33"
"2021/02/22","30156.03","30281.78","30458.13","30089.18"
"2021/02/24","29671.70","30020.11","30089.59","29671.70"
"2021/02/25","30168.27","30077.27","30213.28","30044.43"
"2021/02/26","28966.01","29753.73","29760.31","28966.01"
"2021/03/01","29663.50","29419.45","29686.39","29396.04"
"2021/03/02","29408.17","29939.75","29996.39","29314.82"
"2021/03/03","29559.10","29482.12","29604.37","29336.60"
"2021/03/04","28930.11","29198.42","29277.19","28711.04"
"2021/03/05","28864.32","28725.48","28867.83","28308.57"
"2021/03/08","28743.25","29208.19","29255.90","28644.26"
"2021/03/09","29027.94","28748.87","29053.56","28609.21"
"2021/03/10","29036.56","29118.28","29233.47","28960.09"
"2021/03/11","29211.64","29033.92","29255.42","28995.33"
"2021/03/12","29717.83","29287.74","29744.32","29210.40"
"2021/03/15","29766.97","29804.50","29884.73","29670.31"
"2021/03/16","29921.09","29770.39","30026.40","29755.47"
"2021/03/17","29914.33","29836.83","29984.97","29825.16"
"2021/03/18","30216.75","30148.48","30485.00","30041.50"
"2021/03/19","29792.05","29904.57","30049.77","29621.22"
"2021/03/22","29174.15","29444.10","29472.98","29107.63"
"2021/03/23","28995.92","29381.49","29496.83","28995.92"
"2021/03/24","28405.52","28765.55","28867.67","28379.06"
"2021/03/25","28729.88","28457.33","28821.83","28414.92"
"2021/03/26","29176.70","29068.52","29240.74","28953.22"
"2021/03/29","29384.52","29478.12","29578.37","29200.88"
"2021/03/30","29432.70","29365.04","29478.20","29283.89"
"2021/03/31","29178.80","29278.33","29348.99","29165.52"
"2021/04/01","29388.87","29441.91","29585.46","29318.82"
"2021/04/02","29854.00","29704.66","29869.67","29694.09"
"2021/04/05","30089.25","30084.61","30195.00","30024.25"
"2021/04/06","29696.63","30208.89","30208.89","29665.86"
"2021/04/07","29730.79","29743.48","29867.94","29523.55"
"2021/04/08","29708.98","29675.88","29744.79","29516.42"
"2021/04/09","29768.06","29865.53","30064.35","29768.06"
"2021/04/12","29538.73","29874.43","29876.04","29538.73"
"2021/04/13","29751.61","29605.69","29897.11","29573.79"
"2021/04/14","29620.99","29718.06","29722.40","29567.18"
"2021/04/15","29642.69","29573.90","29787.66","29558.55"
"2021/04/16","29683.37","29789.08","29789.08","29621.83"
"2021/04/19","29685.37","29688.32","29808.01","29530.84"
"2021/04/20","29100.38","29355.87","29361.28","29014.36"
"2021/04/21","28508.55","28660.36","28778.93","28419.84"
"2021/04/22","29188.17","28880.78","29192.39","28800.86"
"2021/04/23","29020.63","28939.12","29035.34","28770.62"
"2021/04/26","29126.23","29095.49","29241.28","28896.37"
"2021/04/27","28991.89","29174.53","29187.11","28990.19"
"2021/04/28","29053.97","28935.51","29139.70","28875.91"
"2021/04/30","28812.63","28996.66","29046.49","28760.27"
"2021/05/06","29331.37","29024.01","29430.22","28966.47"
"2021/05/07","29357.82","29330.45","29449.86","29237.36"
"2021/05/10","29518.34","29376.89","29685.41","29346.14"
"2021/05/11","28608.59","29238.56","29289.12","28535.36"
"2021/05/12","28147.51","28712.10","28831.03","27888.59"
"2021/05/13","27448.01","27929.01","27961.96","27385.03"
"2021/05/14","28084.47","27723.70","28139.96","27723.70"
"2021/05/17","27824.83","28310.46","28312.78","27632.53"
"2021/05/18","28406.84","27931.57","28481.17","27931.57"
"2021/05/19","28044.45","28031.22","28216.65","27842.98"
"2021/05/20","28098.25","27875.50","28176.87","27821.96"
"2021/05/21","28317.83","28269.61","28411.56","28193.03"
"2021/05/24","28364.61","28212.32","28584.18","28212.32"
"2021/05/25","28553.98","28516.99","28576.97","28443.74"
"2021/05/26","28642.19","28396.62","28710.83","28396.62"
"2021/05/27","28549.01","28543.32","28587.21","28360.56"
"2021/05/28","29149.41","28912.54","29194.11","28899.66"
"2021/05/31","28860.08","29019.45","29147.71","28791.60"
"2021/06/01","28814.34","28998.65","29075.47","28611.25"
"2021/06/02","28946.14","28730.81","29003.55","28565.83"
"2021/06/03","29058.11","28890.39","29157.16","28879.15"
"2021/06/04","28941.52","28901.42","28991.24","28764.68"
"2021/06/07","29019.24","29214.00","29241.20","28973.05"
"2021/06/08","28963.56","29046.03","29140.68","28897.64"
"2021/06/09","28860.80","28901.56","28932.03","28801.83"
"2021/06/10","28958.56","28799.74","29007.53","28799.74"
"2021/06/11","28948.73","29030.04","29080.89","28839.54"
"2021/06/14","29161.80","29153.11","29208.35","29026.27"
"2021/06/15","29441.30","29256.03","29480.85","29235.71"
"2021/06/16","29291.01","29306.14","29434.10","29263.72"
"2021/06/17","29018.33","29149.34","29197.68","28875.39"
"2021/06/18","28964.08","29136.74","29136.74","28957.98"
"2021/06/21","28010.93","28506.84","28506.84","27795.86"
"2021/06/22","28884.13","28513.07","28895.26","28494.46"
"2021/06/23","28874.89","28886.92","29007.83","28860.06"
"2021/06/24","28875.23","28811.82","28935.34","28758.37"
"2021/06/25","29066.18","29137.30","29174.17","28992.74"
"2021/06/28","29048.02","29112.66","29121.28","28984.93"
"2021/06/29","28812.61","28927.44","28951.68","28735.55"
"2021/06/30","28791.53","28896.31","28998.99","28779.76"
"2021/07/01","28707.04","28832.41","28833.17","28624.80"
"2021/07/02","28783.28","28719.24","28849.32","28688.63"
"2021/07/05","28598.19","28709.57","28731.07","28581.08"
"2021/07/06","28643.21","28677.95","28748.23","28587.61"
"2021/07/07","28366.95","28262.40","28434.99","28161.75"
"2021/07/08","28118.03","28332.63","28366.76","28118.03"
"2021/07/09","27940.42","27739.42","28000.02","27419.40"
"2021/07/12","28569.02","28412.70","28595.12","28405.60"
"2021/07/13","28718.24","28713.82","28852.31","28699.04"
"2021/07/14","28608.49","28517.31","28696.80","28482.82"
"2021/07/15","28279.09","28539.32","28571.72","28240.21"
"2021/07/16","28003.08","28039.26","28201.30","27847.35"
"2021/07/19","27652.74","27663.40","27792.52","27493.63"
"2021/07/20","27388.16","27351.80","27564.52","27330.15"
"2021/07/21","27548.00","27747.06","27882.43","27438.07"
"2021/07/26","27833.29","27990.47","28036.47","27786.44"
"2021/07/27","27970.22","27911.93","28036.23","27862.69"
"2021/07/28","27581.66","27674.99","27809.86","27466.99"
"2021/07/29","27782.42","27722.61","27798.05","27663.41"
"2021/07/30","27283.59","27677.89","27699.35","27272.49"
"2021/08/02","27781.02","27493.32","27834.60","27493.32"
"2021/08/03","27641.83","27580.03","27724.45","27492.40"
"2021/08/04","27584.08","27612.90","27636.34","27488.74"
"2021/08/05","27728.12","27526.67","27741.55","27526.67"
"2021/08/06","27820.04","27709.22","27888.87","27709.22"
"2021/08/10","27888.15","27887.03","28128.61","27808.54"
"2021/08/11","28070.51","28045.84","28146.68","27974.99"
"2021/08/12","28015.02","28177.20","28279.80","28006.31"
"2021/08/13","27977.15","28038.96","28070.00","27949.33"
"2021/08/16","27523.19","27806.11","27833.21","27427.38"
"2021/08/17","27424.47","27666.94","27750.39","27424.47"
"2021/08/18","27585.91","27418.08","27671.57","27347.77"
"2021/08/19","27281.17","27398.58","27504.80","27255.58"
"2021/08/20","27013.25","27238.45","27316.79","26954.81"
"2021/08/23","27494.24","27193.10","27541.63","27193.10"
"2021/08/24","27732.10","27653.23","27817.89","27653.23"
"2021/08/25","27724.80","27768.13","27897.72","27684.05"
"2021/08/26","27742.29","27793.63","27828.28","27684.50"
"2021/08/27","27641.14","27581.24","27670.66","27481.23"
"2021/08/30","27789.29","27867.60","27921.55","27656.63"
"2021/08/31","28089.54","27690.77","28158.95","27602.21"
"2021/09/01","28451.02","28179.04","28457.67","28179.04"
"2021/09/02","28543.51","28522.46","28626.20","28412.91"
"2021/09/03","29128.11","28626.48","29149.65","28607.87"
"2021/09/06","29659.89","29501.22","29705.04","29469.35"
"2021/09/07","29916.14","29883.92","30048.23","29838.43"
"2021/09/08","30181.21","29819.55","30241.87","29787.13"
"2021/09/09","30008.19","29959.21","30097.56","29909.92"
"2021/09/10","30381.84","30089.45","30381.84","30064.02"
"2021/09/13","30447.37","30372.02","30447.37","30229.01"
"2021/09/14","30670.10","30584.77","30795.78","30504.81"
"2021/09/15","30511.71","30464.17","30573.41","30347.30"
"2021/09/16","30323.34","30606.15","30622.39","30202.51"
"2021/09/17","30500.05","30387.54","30541.99","30358.93"
"2021/09/21","29839.71","30021.25","30051.00","29832.52"
"2021/09/22","29639.40","29744.73","29868.10","29573.88"
"2021/09/24","30248.81","30141.61","30276.38","30110.30"
"2021/09/27","30240.06","30277.82","30414.61","30197.40"
"2021/09/28","30183.96","30142.38","30207.63","30001.99"
"2021/09/29","29544.29","29611.92","29679.26","29329.16"
"2021/09/30","29452.66","29569.19","29622.27","29311.34"
"2021/10/01","28771.07","29235.11","29393.67","28680.73"
"2021/10/04","28444.89","29044.47","29046.06","28343.58"
"2021/10/05","27822.12","28050.39","28058.67","27460.29"
"2021/10/06","27528.87","28033.91","28209.82","27293.62"
"2021/10/07","27678.21","27665.97","28015.11","27607.97"
"2021/10/08","28048.94","28031.37","28321.35","28018.89"
"2021/10/11","28498.20","27977.57","28581.36","27893.32"
"2021/10/12","28230.61","28458.88","28468.88","28166.38"
"2021/10/13","28140.28","28085.44","28364.99","27993.46"
"2021/10/14","28550.93","28264.41","28576.68","28234.01"
"2021/10/15","29068.63","28787.26","29082.35","28726.22"
"2021/10/18","29025.46","29093.82","29144.33","28924.40"
"2021/10/19","29215.52","29117.28","29272.49","29075.37"
"2021/10/20","29255.55","29385.95","29489.11","29222.32"
"2021/10/21","28708.58","29152.74","29220.82","28688.78"
"2021/10/22","28804.85","28578.53","28989.50","28546.57"
"2021/10/25","28600.41","28527.13","28668.70","28472.55"
"2021/10/26","29106.01","28927.61","29160.76","28893.95"
"2021/10/27","29098.24","29056.01","29139.22","28870.25"
"2021/10/28","28820.09","28871.61","28895.11","28693.06"
"2021/10/29","28892.69","28819.16","29000.65","28475.06"
"2021/11/01","29647.08","29330.68","29666.83","29267.63"
"2021/11/02","29520.90","29462.40","29599.57","29457.18"
"2021/11/04","29794.37","29859.74","29880.81","29718.78"
"2021/11/05","29611.57","29840.73","29840.73","29504.07"
"2021/11/08","29507.05","29735.45","29735.45","29507.05"
"2021/11/09","29285.46","29557.55","29750.46","29240.31"
"2021/11/10","29106.78","29209.06","29296.88","29079.77"
"2021/11/11","29277.86","29046.19","29336.03","29040.08"
"2021/11/12","29609.97","29381.45","29661.22","29381.45"
"2021/11/15","29776.80","29807.37","29861.88","29718.21"
"2021/11/16","29808.12","29749.71","29960.93","29681.25"
"2021/11/17","29688.33","29906.68","29909.97","29623.79"
"2021/11/18","29598.66","29597.93","29715.95","29402.57"
"2021/11/19","29745.87","29641.05","29768.54","29589.19"
"2021/11/22","29774.11","29618.55","29806.49","29542.29"
"2021/11/24","29302.66","29663.45","29758.05","29212.93"
"2021/11/25","29499.28","29469.65","29570.42","29444.45"
"2021/11/26","28751.62","29324.47","29332.99","28605.61"
"2021/11/29","28283.92","28337.96","28776.34","28187.12"
"2021/11/30","27821.76","28611.73","28718.70","27819.14"
"2021/12/01","27935.62","27866.73","28106.30","27594.01"
"2021/12/02","27753.37","27716.20","27938.55","27644.96"
"2021/12/03","28029.57","27841.05","28029.57","27588.61"
"2021/12/06","27927.37","28069.96","28081.04","27693.91"
"2021/12/07","28455.60","28138.82","28618.46","27961.66"
"2021/12/08","28860.62","28792.89","28897.44","28621.47"
"2021/12/09","28725.47","28827.32","28908.29","28725.47"
"2021/12/10","28437.77","28542.50","28699.01","28392.87"
"2021/12/13","28640.49","28705.26","28793.32","28593.45"
"2021/12/14","28432.64","28554.86","28672.96","28309.67"
"2021/12/15","28459.72","28358.47","28525.83","28358.47"
"2021/12/16","29066.32","28868.37","29070.08","28782.19"
"2021/12/17","28545.68","28854.60","28904.94","28503.08"
"2021/12/20","27937.81","28325.46","28441.51","27893.18"
"2021/12/21","28517.59","28309.60","28533.74","28226.43"
"2021/12/22","28562.21","28614.06","28673.77","28473.85"
"2021/12/23","28798.37","28703.01","28798.37","28640.15"
"2021/12/24","28782.59","28836.05","28870.13","28773.50"
"2021/12/27","28676.46","28786.33","28805.28","28658.82"
"2021/12/28","29069.16","28953.32","29121.01","28879.68"
"2021/12/29","28906.88","28995.73","29106.28","28729.61"
"2021/12/30","28791.71","28794.24","28904.42","28579.49"
"2022/01/04","29301.79","29098.41","29323.79","28954.56"
"2022/01/05","29332.16","29288.80","29388.16","29204.45"
"2022/01/06","28487.87","29136.75","29158.95","28487.87"
"2022/01/07","28478.56","28711.53","28813.09","28293.70"
"2022/01/11","28222.48","28380.90","28473.47","28089.49"
"2022/01/12","28765.66","28449.53","28814.31","28427.60"
"2022/01/13","28489.13","28658.22","28660.45","28444.96"
"2022/01/14","28124.28","28246.99","28252.96","27889.21"
"2022/01/17","28333.52","28332.72","28449.99","28274.18"
"2022/01/18","28257.25","28451.34","28690.34","28129.66"
"2022/01/19","27467.23","27928.89","27958.17","27314.41"
"2022/01/20","27772.93","27401.43","27882.53","27217.59"
"2022/01/21","27522.26","27404.36","27586.42","27129.61"
"2022/01/24","27588.37","27258.45","27627.60","27203.33"
"2022/01/25","27131.34","27466.82","27493.75","26890.94"
"2022/01/26","27011.33","27105.98","27184.54","26858.68"
"2022/01/27","26170.30","27139.88","27193.59","26044.52"
"2022/01/28","26717.34","26429.85","26764.85","26289.69"
"2022/01/31","27001.98","26690.60","27134.57","26541.65"
"2022/02/01","27078.48","27167.14","27410.79","27016.71"
"2022/02/02","27533.60","27302.99","27564.62","27289.16"
"2022/02/03","27241.31","27330.96","27357.33","27165.93"
"2022/02/04","27439.99","27095.90","27455.98","27075.99"
"2022/02/07","27248.87","27327.63","27369.68","27085.32"
"2022/02/08","27284.52","27318.30","27461.33","27280.25"
"2022/02/09","27579.87","27488.65","27633.10","27405.88"
"2022/02/10","27696.08","27818.10","27880.70","27575.07"
"2022/02/14","27079.59","27305.92","27325.50","26947.65"
"2022/02/15","26865.19","27183.56","27205.20","26724.91"
"2022/02/16","27460.40","27269.05","27486.09","27227.24"
"2022/02/17","27232.87","27431.42","27438.74","27080.92"
"2022/02/18","27122.07","26895.16","27216.16","26792.54"
"2022/02/21","26910.87","26771.58","26998.47","26549.00"
"2022/02/22","26449.61","26515.45","26550.14","26243.73"
"2022/02/24","25970.82","26281.35","26357.58","25775.64"
"2022/02/25","26476.50","26213.20","26481.60","26160.19"
"2022/02/28","26526.82","26457.52","26644.56","26262.63"
"2022/03/01","26844.72","26836.74","27013.26","26821.75"
"2022/03/02","26393.03","26532.20","26585.30","26313.72"
"2022/03/03","26577.27","26628.87","26704.85","26496.72"
"2022/03/04","25985.47","26421.85","26421.85","25774.28"
"2022/03/07","25221.41","25634.09","25640.41","25006.26"
"2022/03/08","24790.95","24974.35","25291.33","24767.33"
"2022/03/09","24717.53","24876.49","25084.08","24681.74"
"2022/03/10","25690.40","25108.47","25720.31","25099.85"
"2022/03/11","25162.78","25495.03","25503.65","24966.50"
"2022/03/14","25307.85","25338.64","25631.01","25299.64"
"2022/03/15","25346.48","25228.53","25441.67","25219.13"
"2022/03/16","25762.01","25574.90","25824.94","25470.46"
"2022/03/17","26652.89","26170.38","26702.94","26152.89"
"2022/03/18","26827.43","26649.50","26862.43","26592.98"
"2022/03/22","27224.11","27091.32","27284.47","27076.33"
"2022/03/23","28040.16","27606.79","28056.20","27604.37"
"2022/03/24","28110.39","27693.77","28110.39","27624.62"
"2022/03/25","28149.84","28338.81","28338.81","27946.79"
"2022/03/28","27943.89","28084.08","28084.08","27812.67"
"2022/03/29","28252.42","28173.43","28252.42","28063.92"
"2022/03/30","28027.25","28250.80","28281.45","27736.27"
"2022/03/31","27821.43","27809.97","28101.68","27763.96"
"2022/04/01","27665.98","27624.11","27738.31","27399.48"
"2022/04/04","27736.47","27685.65","27754.24","27578.81"
"2022/04/05","27787.98","27965.94","27965.94","27662.28"
"2022/04/06","27350.30","27533.88","27549.67","27214.61"
"2022/04/07","26888.57","27032.42","27042.49","26801.79"
"2022/04/08","26985.80","27097.05","27185.23","26764.36"
"2022/04/11","26821.52","26877.60","27004.50","26720.46"
"2022/04/12","26334.98","26606.87","26674.86","26304.08"
"2022/04/13","26843.49","26436.06","26885.87","26429.47"
"2022/04/14","27172.00","26925.64","27200.89","26890.68"
"2022/04/15","27093.19","26932.48","27203.77","26784.92"
"2022/04/18","26799.71","26831.45","26851.80","26571.38"
"2022/04/19","26985.09","27096.49","27100.59","26777.71"
"2022/04/20","27217.85","27210.79","27389.84","27066.18"
"2022/04/21","27553.06","27259.14","27580.64","27252.83"
"2022/04/22","27105.26","27197.80","27205.83","26904.38"
"2022/04/25","26590.78","26692.48","26764.48","26487.84"
"2022/04/26","26700.11","26743.21","26808.99","26592.99"
"2022/04/27","26386.63","26313.14","26406.62","26051.04"
"2022/04/28","26847.90","26430.28","26876.95","26348.36"
"2022/05/02","26818.53","26851.10","26964.59","26610.86"
"2022/05/06","27003.56","26784.29","27072.59","26543.29"
"2022/05/09","26319.34","26705.32","26732.61","26309.22"
"2022/05/10","26167.10","26149.06","26246.63","25773.83"
"2022/05/11","26213.64","26045.38","26290.62","26003.26"
"2022/05/12","25748.72","25945.04","26028.36","25688.11"
"2022/05/13","26427.65","25918.80","26479.93","25904.40"
"2022/05/16","26547.05","26753.37","26836.96","26438.61"
"2022/05/17","26659.75","26555.23","26709.26","26440.62"
"2022/05/18","26911.20","26826.82","27053.18","26741.34"
"2022/05/19","26402.84","26435.32","26458.85","26150.09"
"2022/05/20","26739.03","26448.23","26769.20","26426.99"
"2022/05/23","27001.52","26991.42","27047.47","26832.65"
"2022/05/24","26748.14","27005.43","27005.43","26736.01"
"2022/05/25","26677.80","26711.53","26795.89","26578.03"
"2022/05/26","26604.84","26685.02","26898.75","26597.97"
"2022/05/27","26781.68","26947.80","26996.70","26731.60"
"2022/05/30","27369.43","27092.82","27401.24","27057.20"
"2022/05/31","27279.80","27318.09","27463.33","27250.70"
"2022/06/01","27457.89","27295.63","27482.31","27295.42"
"2022/06/02","27413.88","27340.52","27450.47","27251.24"
"2022/06/03","27761.57","27660.62","27776.33","27614.86"
"2022/06/06","27915.89","27549.64","27979.54","27523.95"
"2022/06/07","27943.95","27984.79","28094.73","27863.38"
"2022/06/08","28234.29","28100.26","28234.29","28089.78"
"2022/06/09","28246.53","28189.35","28389.75","28189.35"
"2022/06/10","27824.29","27996.35","28044.45","27795.17"
"2022/06/13","26987.44","27369.66","27389.30","26948.22"
"2022/06/14","26629.86","26555.75","26657.92","26357.90"
"2022/06/15","26326.16","26625.68","26638.76","26321.68"
"2022/06/16","26431.20","26715.52","26947.70","26431.20"
"2022/06/17","25963.00","25988.20","26072.35","25720.80"
"2022/06/20","25771.22","26156.62","26156.62","25520.23"
"2022/06/21","26246.31","26070.92","26418.84","25972.28"
"2022/06/22","26149.55","26441.72","26462.83","26149.17"
"2022/06/23","26171.25","26134.89","26401.97","26039.57"
"2022/06/24","26491.97","26228.42","26519.16","26148.56"
"2022/06/27","26871.27","26741.80","26938.43","26665.44"
"2022/06/28","27049.47","26795.68","27062.31","26789.50"
"2022/06/29","26804.60","26814.23","26858.68","26687.47"
"2022/06/30","26393.04","26753.28","26753.28","26324.31"
"2022/07/01","25935.62","26460.71","26531.24","25841.75"
"2022/07/04","26153.81","26086.78","26258.86","25945.83"
"2022/07/05","26423.47","26386.23","26532.51","26294.84"
"2022/07/06","26107.65","26190.40","26298.96","26051.19"
"2022/07/07","26490.53","26280.94","26533.65","26136.99"
"2022/07/08","26517.19","26623.85","26881.75","26510.53"
"2022/07/11","26812.30","26892.73","27062.17","26710.59"
"2022/07/12","26336.66","26701.00","26718.67","26278.28"
"2022/07/13","26478.77","26403.79","26543.07","26389.10"
"2022/07/14","26643.39","26357.32","26713.07","26312.79"
"2022/07/15","26788.47","26736.08","26857.77","26571.38"
"2022/07/19","26961.68","27003.83","27043.58","26791.71"
"2022/07/20","27680.26","27295.95","27692.85","27295.95"
"2022/07/21","27803.00","27627.88","27803.00","27549.56"
"2022/07/22","27914.66","27773.14","27952.25","27701.25"
"2022/07/25","27699.25","27697.77","27848.59","27663.16"
"2022/07/26","27655.21","27682.20","27715.78","27538.39"
"2022/07/27","27715.75","27575.16","27772.97","27525.09"
"2022/07/28","27815.48","27909.15","28015.68","27651.99"
"2022/07/29","27801.64","27915.22","28001.80","27725.24"
"2022/08/01","27993.35","27813.82","27993.35","27751.59"
"2022/08/02","27594.73","27812.48","27830.58","27530.60"
"2022/08/03","27741.90","27673.00","27837.63","27634.65"
"2022/08/04","27932.20","27930.94","28005.59","27870.05"
"2022/08/05","28175.87","27915.06","28190.04","27910.22"
"2022/08/08","28249.24","28050.09","28279.12","28047.08"
"2022/08/09","27999.96","28236.84","28257.34","27966.91"
"2022/08/10","27819.33","27955.11","27964.96","27729.46"
"2022/08/12","28546.98","28251.74","28546.98","28207.86"
"2022/08/15","28871.78","28623.78","28897.07","28623.78"
"2022/08/16","28868.91","28829.53","28928.16","28752.88"
"2022/08/17","29222.77","28952.65","29222.77","28944.71"
"2022/08/18","28942.14","28957.40","28999.64","28846.52"
"2022/08/19","28930.33","29095.71","29150.80","28913.05"
"2022/08/22","28794.50","28654.07","28828.21","28586.36"
"2022/08/23","28452.75","28580.20","28580.20","28395.30"
"2022/08/24","28313.47","28481.34","28515.61","28282.21"
"2022/08/25","28479.01","28415.11","28534.71","28357.03"
"2022/08/26","28641.38","28639.47","28792.93","28608.70"
"2022/08/29","27878.96","28161.06","28179.09","27788.12"
"2022/08/30","28195.58","28086.72","28233.80","27944.25"
"2022/08/31","28091.53","27928.09","28104.80","27906.17"
"2022/09/01","27661.47","27797.00","27832.78","27589.70"
"2022/09/02","27650.84","27755.60","27772.37","27570.74"
"2022/09/05","27619.61","27567.29","27673.44","27511.68"
"2022/09/06","27626.51","27650.15","27813.78","27557.99"
"2022/09/07","27430.30","27546.01","27546.01","27268.70"
"2022/09/08","28065.28","27732.68","28083.79","27718.30"
"2022/09/09","28214.75","28204.71","28286.02","28091.38"
"2022/09/12","28542.11","28483.59","28612.89","28438.37"
"2022/09/13","28614.63","28556.21","28659.76","28530.36"
"2022/09/14","27818.62","28132.70","28141.92","27795.64"
"2022/09/15","27875.91","27873.96","27946.20","27801.44"
"2022/09/16","27567.65","27631.39","27654.99","27525.68"
"2022/09/20","27688.42","27788.68","27907.45","27627.86"
"2022/09/21","27313.13","27440.84","27467.34","27297.50"
"2022/09/22","27153.83","27053.58","27197.07","26955.18"
"2022/09/26","26431.55","26779.44","26779.44","26424.60"
"2022/09/27","26571.87","26585.38","26680.20","26523.77"
"2022/09/28","26173.98","26422.86","26516.32","25938.36"
"2022/09/29","26422.05","26280.50","26458.67","26221.78"
"2022/09/30","25937.21","26240.00","26273.65","25805.59"
"2022/10/03","26215.79","25778.95","26223.84","25621.96"
"2022/10/04","26992.21","26653.49","26994.44","26633.52"
"2022/10/05","27120.53","27211.32","27216.80","27030.55"
"2022/10/06","27311.30","27137.98","27399.19","27137.98"
"2022/10/07","27116.11","26975.92","27198.91","26921.90"
"2022/10/11","26401.25","26757.12","26759.62","26369.56"
"2022/10/12","26396.83","26353.22","26495.75","26313.41"
"2022/10/13","26237.42","26398.29","26408.31","26237.42"
"2022/10/14","27090.76","26599.32","27180.16","26595.35"
"2022/10/17","26775.79","26785.02","26814.92","26649.13"
"2022/10/18","27156.14","27167.73","27229.88","26910.10"
"2022/10/19","27257.38","27225.17","27371.38","27192.79"
"2022/10/20","27006.96","26981.75","27092.55","26872.45"
"2022/10/21","26890.58","26903.50","26985.38","26869.38"
"2022/10/24","26974.90","27233.00","27308.97","26974.90"
"2022/10/25","27250.28","27113.20","27337.80","27073.18"
"2022/10/26","27431.84","27410.64","27578.05","27404.90"
"2022/10/27","27345.24","27407.23","27450.26","27330.79"
"2022/10/28","27105.20","27097.38","27265.46","26981.08"
"2022/10/31","27587.46","27404.30","27602.99","27392.99"
"2022/11/01","27678.92","27614.64","27682.97","27526.18"
"2022/11/02","27663.39","27562.30","27692.55","27546.88"
"2022/11/04","27199.74","27371.89","27389.30","27032.02"
"2022/11/07","27527.64","27406.78","27578.01","27357.53"
"2022/11/08","27872.11","27718.84","27943.27","27704.64"
"2022/11/09","27716.43","27884.55","27926.52","27688.86"
"2022/11/10","27446.10","27459.08","27485.38","27370.62"
"2022/11/11","28263.57","27868.69","28329.54","27837.09"
"2022/11/14","27963.47","28277.64","28305.04","27963.47"
"2022/11/15","27990.17","27940.26","28038.63","27903.27"
"2022/11/16","28028.30","28020.49","28069.25","27743.15"
"2022/11/17","27930.57","27952.21","28029.62","27910.01"
"2022/11/18","27899.77","28009.82","28045.44","27877.78"
"2022/11/21","27944.79","27982.00","28007.06","27846.30"
"2022/11/22","28115.74","28059.51","28203.35","28038.16"
"2022/11/24","28383.09","28373.72","28502.29","28363.66"
"2022/11/25","28283.03","28398.77","28399.88","28263.60"
"2022/11/28","28162.83","28220.56","28238.50","28046.32"
"2022/11/29","28027.84","27991.50","28055.91","27899.98"
"2022/11/30","27968.99","27886.67","27972.89","27802.71"
"2022/12/01","28226.08","28273.13","28423.46","28226.08"
"2022/12/02","27777.90","27983.18","27983.18","27662.12"
"2022/12/05","27820.40","27752.99","27854.11","27700.86"
"2022/12/06","27885.87","27704.06","27934.07","27698.31"
"2022/12/07","27686.40","27670.29","27786.25","27646.78"
"2022/12/08","27574.43","27622.30","27643.64","27415.66"
"2022/12/09","27901.01","27633.96","27952.80","27633.96"
"2022/12/12","27842.33","27741.10","27865.72","27734.66"
"2022/12/13","27954.85","28067.37","28116.56","27907.49"
"2022/12/14","28156.21","28005.03","28195.69","27993.78"
"2022/12/15","28051.70","27991.14","28163.17","27987.54"
"2022/12/16","27527.12","27706.70","27713.04","27488.83"
"2022/12/19","27237.64","27279.92","27349.58","27165.78"
"2022/12/20","26568.03","27257.35","27339.49","26416.91"
"2022/12/21","26387.72","26547.17","26616.28","26269.80"
"2022/12/22","26507.87","26552.43","26585.28","26399.31"
"2022/12/23","26235.25","26207.77","26291.98","26106.38"
"2022/12/26","26405.87","26299.54","26438.65","26294.85"
"2022/12/27","26447.87","26570.78","26620.49","26447.87"
"2022/12/28","26340.50","26309.34","26354.27","26199.67"
"2022/12/29","26093.67","26074.90","26126.70","25953.92"
"2022/12/30","26094.50","26288.00","26321.37","26067.92"
"2023/01/04","25716.86","25834.93","25840.68","25661.89"
"2023/01/05","25820.80","25825.50","25947.10","25750.46"
"2023/01/06","25973.85","25740.08","26034.06","25719.61"
"2023/01/10","26175.56","26176.61","26316.66","26132.80"
"2023/01/11","26446.00","26362.21","26479.99","26332.05"
"2023/01/12","26449.82","26524.94","26547.61","26381.93"
"2023/01/13","26119.52","26391.78","26409.21","26090.84"
"2023/01/16","25822.32","25836.67","25938.04","25748.10"
"2023/01/17","26138.68","25915.51","26198.69","25895.30"
"2023/01/18","26791.12","26251.34","26816.68","26211.84"
"2023/01/19","26405.23","26541.08","26592.87","26368.97"
"2023/01/20","26553.53","26346.69","26553.53","26320.96"
"2023/01/23","26906.04","26880.21","26938.28","26788.76"
"2023/01/24","27299.19","27150.43","27381.00","27150.43"
"2023/01/25","27395.01","27175.88","27473.90","27175.88"
"2023/01/26","27362.75","27444.64","27502.15","27284.08"
"2023/01/27","27382.56","27428.41","27452.67","27326.91"
"2023/01/30","27433.40","27384.77","27486.42","27337.25"
"2023/01/31","27327.11","27458.56","27494.17","27302.22"
"2023/02/01","27346.88","27483.41","27547.67","27322.79"
"2023/02/02","27402.05","27453.67","27472.44","27338.43"
"2023/02/03","27509.46","27455.03","27612.57","27445.69"
"2023/02/06","27693.65","27764.66","27821.22","27656.47"
"2023/02/07","27685.47","27744.90","27814.96","27662.11"
"2023/02/08","27606.46","27690.74","27719.45","27458.53"
"2023/02/09","27584.35","27453.40","27635.38","27424.69"
"2023/02/10","27670.98","27711.25","27814.02","27609.33"
"2023/02/13","27427.32","27550.35","27570.32","27266.94"
"2023/02/14","27602.77","27705.37","27721.82","27553.18"
"2023/02/15","27501.86","27686.01","27720.27","27444.13"
"2023/02/16","27696.44","27654.72","27727.66","27597.12"
"2023/02/17","27513.13","27484.60","27608.59","27466.61"
"2023/02/20","27531.94","27497.13","27531.94","27426.48"
"2023/02/21","27473.10","27486.09","27538.29","27359.12"
"2023/02/22","27104.32","27265.99","27300.53","27046.08"
"2023/02/24","27453.48","27144.72","27465.90","27128.32"
"2023/02/27","27423.96","27322.73","27456.22","27292.74"
"2023/02/28","27445.56","27515.34","27585.17","27400.36"
"2023/03/01","27516.53","27363.57","27530.76","27305.37"
"2023/03/02","27498.87","27564.82","27617.80","27408.54"
"2023/03/03","27927.47","27683.26","27961.21","27655.34"
"2023/03/06","28237.78","28182.31","28288.62","28153.82"
"2023/03/07","28309.16","28202.59","28398.27","28202.59"
"2023/03/08","28444.19","28237.21","28469.41","28232.68"
"2023/03/09","28623.15","28648.11","28734.79","28558.88"
"2023/03/10","28143.97","28385.29","28424.24","28118.74"
"2023/03/13","27832.96","27886.21","27906.97","27631.53"
"2023/03/14","27222.04","27455.95","27455.95","27104.75"
"2023/03/15","27229.48","27421.66","27424.94","27105.99"
"2023/03/16","27010.61","26796.67","27057.54","26632.92"
"2023/03/17","27333.79","27232.23","27356.15","27071.71"
"2023/03/20","26945.67","27253.73","27367.18","26945.67"
"2023/03/22","27466.61","27298.15","27520.97","27267.26"
"2023/03/23","27419.61","27232.97","27461.97","27175.63"
"2023/03/24","27385.25","27368.62","27397.29","27257.44"
"2023/03/27","27476.87","27482.39","27543.48","27359.72"
"2023/03/28","27518.25","27573.82","27603.45","27432.76"
"2023/03/29","27883.78","27549.37","27897.72","27505.48"
"2023/03/30","27782.93","27827.89","27876.38","27630.55"
"2023/03/31","28041.48","28009.22","28124.62","27986.62"
"2023/04/03","28188.15","28203.35","28258.91","28120.71"
"2023/04/04","28287.42","28213.93","28287.42","28139.12"
"2023/04/05","27813.26","28111.04","28133.57","27788.77"
"2023/04/06","27472.63","27589.14","27609.86","27427.66"
"2023/04/07","27518.31","27554.37","27591.15","27456.25"
"2023/04/10","27633.66","27658.52","27737.49","27597.18"
"2023/04/11","27923.37","27895.90","28068.39","27854.82"
"2023/04/12","28082.70","27985.93","28121.46","27983.97"
"2023/04/13","28156.97","27952.58","28163.87","27952.01"
"2023/04/14","28493.47","28321.54","28515.51","28282.82"
"2023/04/17","28514.78","28537.99","28599.75","28414.98"
"2023/04/18","28658.83","28567.54","28698.22","28520.76"
"2023/04/19","28606.76","28619.84","28677.22","28531.54"
"2023/04/20","28657.57","28472.00","28694.25","28442.45"
"2023/04/21","28564.37","28590.55","28778.37","28527.80"
"2023/04/24","28593.52","28631.78","28680.65","28567.24"
"2023/04/25","28620.07","28697.73","28806.69","28609.77"
"2023/04/26","28416.47","28478.52","28551.61","28319.77"
"2023/04/27","28457.68","28340.59","28459.73","28241.67"
"2023/04/28","28856.44","28705.91","28879.24","28499.51"
"2023/05/01","29123.18","29058.05","29145.89","29016.83"
"2023/05/02","29157.95","29278.80","29278.80","29083.13"
"2023/05/08","28949.88","29095.46","29144.12","28931.81"
"2023/05/09","29242.82","29020.63","29262.36","29020.63"
"2023/05/10","29122.18","29189.41","29195.16","29070.11"
"2023/05/11","29126.72","29110.79","29165.59","29028.71"
"2023/05/12","29388.30","29199.30","29426.06","29141.52"
"2023/05/15","29626.34","29547.04","29629.47","29475.97"
"2023/05/16","29842.99","29838.01","29916.56","29779.07"
"2023/05/17","30093.59","29912.44","30115.32","29912.44"
"2023/05/18","30573.93","30432.54","30667.13","30381.90"
"2023/05/19","30808.35","30847.36","30924.57","30679.16"
"2023/05/22","31086.82","30735.71","31086.82","30689.27"
"2023/05/23","30957.77","31245.72","31352.53","30828.73"
"This material is a copyrightable work of Nikkei. It is prohibited to copy, reproduce, reprint, or circulate all or part of this material in any form without NikkeiÅfs permission."
