test_id,my_mean,lead_mean,my_t,lead_t,my_p,lead_p,my_ic,lead_ic,my_gsign,lead_gsign,my_n_dates,lead_n_dates,my_n_obs,lead_n_obs,seeded,max_rel,counts_exact
gate0A_cp1_ret_h60,-0.0002458410225655,-0.0002458410225655479,-0.033769225642827,-0.03376922564282705,0.9730674921911826,0.9730674921911826,0.004631758883476,0.0046317588834760655,-0.0830715223387459,-0.08307152233874592,1068,1068,67797,67797,False,1.949297782923192e-13,True
gate0A_cp2_range_h60,-0.0042726561883714,-0.004272656188371489,-0.7105178725924767,-0.7105178725924767,0.4775383183665973,0.4775383183665973,0.0047931098563247,0.004793109856324778,-0.0464032331814125,-0.046403233181412505,1068,1068,67797,67797,False,2.0909302100166546e-14,True
gate0A_cp2_brk_h60,0.0046551828530817,0.00465518285308174,1.2558153325115722,1.2558153325115722,0.209457848768763,0.20945784876876303,0.0112367884826261,0.011236788482626103,0.5194134655101246,0.5194134655101246,1068,1068,67797,67797,False,8.570799731540855e-15,True
gate0A_cp3_clv_h60,-0.0068779606546468,-0.006877960654646845,-1.949945220585644,-1.949945220585644,0.0514442720506642,0.05144427205066421,-0.0078979444328698,-0.007897944432869817,-0.3909317521424241,-0.3909317521424241,1068,1068,67797,67797,False,6.5575848191171174e-15,True
gate0A_k1_vwap_dist_h60,-0.0005971489260848,-0.0005971489260848476,-0.912122939617825,-0.912122939617825,0.3619100346140546,0.3619100346140546,0.0021760176701387,0.0021760176701387485,-0.0534351145038167,-0.05343511450381679,1068,1068,67797,67797,False,7.970620609531292e-14,True
gate0A_k1_vxn_regime_h60,0.000266746137245,0.00026674613724501174,0.3643199498508155,0.36431994985081556,0.7156912890977664,0.7156912890977664,-0.0065384662881637,-0.00653846628816377,-2.891689641591177,-2.8916896415911775,1068,1068,67797,67797,False,4.410033334676792e-14,True
gate0A_k1_vxn_band_h60,0.0002583479740081,0.0002583479740081221,0.6446812387568251,0.6446812387568251,0.5192723512668486,0.5192723512668486,0.0003770976943303,0.00037709769433035304,-1.4233950374163056,-1.4233950374163056,1068,1068,67797,67797,False,1.4059350410160736e-13,True
gate0A_k2_auction_mto_h60,1.699877394044981e-05,1.699877394044981e-05,0.060444010968239,0.06044401096823909,0.9518133260355784,0.9518133260355784,-0.0021243264350172,-0.002124326435017278,0.225,0.225,1068,1068,67797,67797,False,3.674696841887269e-14,True
gate0A_k2_auction_msince_h60,7.944324105871417e-06,7.944324105871417e-06,0.5043735392096015,0.5043735392096015,0.614103044095324,0.614103044095324,0.0004166468895842,0.00041664688958423354,0.6666666666666666,0.6666666666666666,1068,1068,67797,67797,False,8.053836012531262e-14,True
gate0A_k2_fomc_mto_h60,9.2864500775033e-05,9.2864500775033e-05,0.1849959155944558,0.18499591559445583,0.8532673958940848,0.8532673958940848,0.003781024085904,0.003781024085904028,-1.4886363636363635,-1.4886363636363635,1068,1068,67797,67797,False,7.340756098090993e-15,True
gate0A_k2_monthend_msince_h60,-0.0001700219328306,-0.00017002193283066204,-0.4358778172988639,-0.43587781729886393,0.6630135477759449,0.6630135477759449,0.0003959855382636,0.00039598553826369567,-0.9706959706959708,-0.9706959706959707,1068,1068,67797,67797,False,3.649145041909203e-13,True
gate0A_k2_predrift_move_h60,0.0001123985199732,0.00011239851997323086,1.4016301475380053,1.4016301475380053,0.1613165315043575,0.16131653150435757,0.0044251209308592,0.00442512093085925,0.4036144578313253,0.4036144578313253,1068,1068,67797,67797,False,2.7455080673409366e-13,True
gate0A_k3_ldnmom_trend_h60,0.000362869168266,0.0003628691682660741,0.5824082615439191,0.5824082615439191,0.5604147630731078,0.5604147630731078,0.004324816102079,0.00432481610207905,0.5287591240876006,0.5287591240876006,1068,1068,67797,67797,False,2.0407081906297974e-13,True
gate0A_k3_ldnrev_move_h60,-6.189250282282528e-05,-6.189250282282528e-05,-0.3346851182488729,-0.3346851182488729,0.737928406977063,0.737928406977063,0.0036018110332342,0.0036018110332342312,1.241706161137524,1.241706161137524,1068,1068,67797,67797,False,8.66925618236672e-15,True
gate0A_k3_mehedge_req_h60,-0.0002319182378274,-0.00023191823782747054,-1.8147962484083888,-1.8147962484083886,0.0698359181181699,0.06983591811816998,-0.001407911928939,-0.0014079119289390413,-1.1240310077519868,-1.1240310077519868,1068,1068,67797,67797,False,3.0410437739117795e-13,True
gate0A_k3_ecbfix_mto_h60,0.0,0.0,,,1.0,1.0,,,,,1068,1068,67797,67797,False,0.0,True
gate0A_k3_ecbfix_msince_h60,0.0004534739332863,0.00045347393328637616,1.0476772941309307,1.0476772941309307,0.2950245697885389,0.29502456978853897,0.0060733188170562,0.006073318817056211,0.7529371112647038,0.7529371112647038,1068,1068,67797,67797,False,1.6795938426962928e-13,True
gate0A_k3_tkypost_msince_h60,0.000239419349243,0.00023941934924309562,0.6090304355459351,0.6090304355459351,0.54263390932407,0.54263390932407,0.0036890377401363,0.003689037740136334,0.5217216411906516,0.5217216411906516,1068,1068,67797,67797,False,3.9941062372584814e-13,True
gate0A_k3_tkypre_msince_h60,-4.422848203978079e-06,-4.422848203978079e-06,-0.0247958935007541,-0.024795893500754108,0.9802224029323072,0.9802224029323071,0.0040912443300361,0.004091244330036148,0.3389199255121365,0.3389199255121365,1068,1068,67797,67797,False,1.1660241173848619e-14,True
gate0A_k4_apipre_ret_h60,-1.0083676882856069e-05,-1.0083676882856067e-05,-0.0693478472214671,-0.06934784722146714,0.9447257346234526,0.9447257346234526,0.003932454148024,0.003932454148024051,1.733059548254615,1.733059548254615,1068,1068,67797,67797,False,1.2792769835245319e-14,True
gate0A_k4_eiafade_move_h60,9.09899937600354e-05,9.098999376003541e-05,0.7652999027002172,0.7652999027002172,0.444262221425334,0.44426222142533406,0.0014295912333896,0.0014295912333896976,2.4251336898395763,2.4251336898395763,1068,1068,67797,67797,False,6.825601140007565e-14,True
gate0A_k4_eiamom_r3_h60,3.380419901019116e-05,3.3804199010191156e-05,0.1860388443525905,0.18603884435259058,0.8524496609534956,0.8524496609534956,0.0010358061739105,0.0010358061739105355,1.636645962732953,1.636645962732953,1068,1068,67797,67797,False,3.4332515245845685e-14,True
gate0A_k4_ngpre_mto_h60,-1.6461131440222388e-05,-1.6461131440222388e-05,-0.2102297042972036,-0.21022970429720364,0.8335285336405763,0.8335285336405763,-0.002230215131751,-0.0022302151317510903,-1.5041322314050094,-1.5041322314050094,1068,1068,67797,67797,False,4.0447049016283706e-14,True
gate0A_k4_ngpre_msince_h60,-0.0001113978937308,-0.00011139789373087254,-0.8181807386524373,-0.8181807386524373,0.4134366674265879,0.4134366674265879,0.0003364078738765,0.0003364078738765229,-4.322289156626507,-4.322289156626507,1068,1068,67797,67797,False,6.512392239812242e-13,True
gate0A_k4_ovr_ret_h60,-5.207225767502078e-05,-5.207225767502078e-05,-0.10996470695916,-0.10996470695916005,0.912458043050541,0.912458043050541,-0.0023773326531774,-0.002377332653177449,0.3507355062013327,0.3507355062013327,1068,1068,67797,67797,False,2.06138329572201e-14,True
gate0A_k4_ovr_pct_h60,0.0001098459088286,0.00010984590882863143,0.2372612144107112,0.23726121441071124,0.8124996954543269,0.8124996954543269,-0.0022842053458551,-0.0022842053458551103,0.4216902220940377,0.4216902220940377,1068,1068,67797,67797,False,2.8611270833904507e-13,True
gate0A_k5_ovr_ret_h60,0.000135040038967,0.0001350400389670024,0.2200209777958995,0.22002097779589955,0.8258969038737564,0.8258969038737564,-0.0020210421697147,-0.00202104216971479,0.4267621145374466,0.4267621145374466,1068,1068,67797,67797,False,4.463322047531735e-14,True
gate0A_k5_ovr_pct_h60,0.0003126909694171,0.0003126909694171987,0.5985263278177836,0.5985263278177836,0.5496158295537605,0.5496158295537605,-0.0030286892031839,-0.0030286892031839885,0.2615638766519798,0.26156387665197983,1068,1068,67797,67797,True,3.1570021989696623e-13,True
gate0A_k5_pmfix_move_h60,-4.646609225004154e-05,-4.646609225004154e-05,-0.1586214283762712,-0.15862142837627122,0.8739971612253767,0.8739971612253767,0.0004988934780541,0.0004988934780541383,-0.2854077253218813,-0.28540772532188136,1068,1068,67797,67797,False,7.671444581319045e-14,True
gate0A_k5_preauc_msince_h60,0.0001455499260048,0.00014554992600481124,0.3213719686078969,0.3213719686078969,0.7479914632503518,0.7479914632503518,0.0053160936486025,0.005316093648602517,0.7195207892882561,0.7195207892882561,1068,1068,67797,67797,False,7.728343014867131e-14,True
gate0A_k6_crushgap_gap_h60,-0.0003487990347371,-0.0003487990347371341,-0.6231830215936522,-0.6231830215936522,0.5332974350297579,0.5332974350297579,0.0004597975411583,0.0004597975411583521,-0.1243664717348927,-0.12436647173489279,1068,1068,67797,67797,False,1.1330185510928363e-13,True
gate0A_k6_limitcont_dir_h60,0.0004888728900922,0.0004888728900922845,1.1117619168764858,1.1117619168764858,0.2664909662938738,0.2664909662938738,0.0105751864137305,0.010575186413730535,21.17647058823528,21.176470588235276,1068,1068,67797,67797,False,1.7276341345227266e-13,True
gate0A_k6_wasdepre_drift_h60,7.134067561204716e-06,7.134067561204716e-06,0.0375077498648771,0.037507749864877114,0.9700871770164188,0.9700871770164187,-7.135524793264993e-05,-7.135524793264993e-05,3.168421052631579,3.168421052631579,1068,1068,67797,67797,False,3.699978766470833e-16,True
gate0A_k7_expiry_mto_h60,0.0,0.0,,,1.0,1.0,,,,,1068,1068,67797,67797,False,0.0,True
gate0A_k7_expiry_msince_h60,0.0,0.0,,,1.0,1.0,,,,,1068,1068,67797,67797,False,0.0,True
gate0A_k7_montrend_ret_h60,0.0,0.0,,,1.0,1.0,,,,,1068,1068,67797,67797,False,0.0,True
gate0A_k7_rev2h_ret_h60,0.0,0.0,,,1.0,1.0,,,,,1068,1068,67797,67797,False,0.0,True
gate0A_k8_oilcad_ret_h60,0.0001830444362055,0.00018304443620553,0.7390026657069383,0.7390026657069383,0.460067909696171,0.46006790969617106,0.0005827730599254,0.0005827730599254976,-0.0780821917808224,-0.07808219178082243,1068,1068,67797,67797,False,1.674377253062623e-13,True
gate0A_k8_oilcad_z_h60,3.278527902844617e-05,3.278527902844617e-05,0.1385574571313451,0.1385574571313451,0.8898260079386611,0.8898260079386611,-0.0003790553544049,-0.00037905535440493324,-0.2671232876712217,-0.26712328767122173,1068,1068,67797,67797,False,8.766739791566502e-14,True
gate0A_k8_wkndbtc_move_h60,0.0,0.0,,,1.0,1.0,,,,,1068,1068,67797,67797,False,0.0,True
gate0A_k9_anncday_h60,0.0005906143221062,0.0005906143221062029,1.3067994248768733,1.3067994248768733,0.1915624160188295,0.19156241601882956,0.0168065497376787,0.016806549737678707,5.279646017699144,5.279646017699144,1068,1068,67797,67797,False,4.772870455307752e-15,True
gate0A_g01_ret30_h60,-0.0011128673249536,-0.0011128673249536003,-0.2023309116376025,-0.20233091163760258,0.8396966066725571,0.8396966066725571,0.0029023402955664,0.0029023402955664617,0.3521541212810911,0.3521541212810911,1068,1068,67797,67797,False,2.12182849444804e-14,True
gate0A_g02_ret60_h60,0.0033498114390439,0.003349811439043913,0.7095819031509365,0.7095819031509365,0.4781184732286721,0.4781184732286721,0.0060436665655906,0.006043666565590652,0.3929604942285792,0.39296049422857926,1068,1068,67797,67797,False,8.610948952015545e-15,True
gate0A_g03_ret120_h60,0.0070406020872608,0.00704060208726083,1.6425782350921418,1.6425782350921418,0.1007648724897935,0.10076487248979356,0.0085112786576853,0.00851127865768533,0.0802703065262587,0.08027030652625873,1068,1068,67797,67797,False,4.188604713929945e-15,True
gate0A_g04_ret_day_h60,0.0036515673405522,0.00365156734055224,0.6234339638193676,0.6234339638193676,0.5331326249674053,0.5331326249674053,0.0081355563024525,0.008135556302452569,-0.0129799253654245,-0.012979925365424534,1068,1068,67797,67797,False,1.1045208003848878e-14,True
gate0A_g05_gap_h60,-0.0029834168046214,-0.002983416804621464,-0.4058070853000388,-0.4058070853000388,0.6849657146427703,0.6849657146427703,0.0011524762693461,0.001152476269346162,0.0670526315789506,0.06705263157895064,1068,1068,67797,67797,False,5.381140238258857e-14,True
gate0A_g06_rv60_h60,-0.0053049030446462,-0.005304903044646243,-0.8121488370436053,-0.8121488370436053,0.416887382470482,0.416887382470482,-0.0042485722100322,-0.004248572210032277,-0.1034264052981687,-0.10342640529816874,1068,1068,67797,67797,False,1.8169679333373377e-14,True
gate0A_g07_range_h60,-0.0137228996622713,-0.013722899662271327,-2.024274136235666,-2.024274136235666,0.0431907093070611,0.04319070930706112,-0.0063844928180356,-0.00638449281803563,-0.2328126613272021,-0.23281266132720219,1068,1068,67797,67797,False,4.754905627560016e-15,True
gate0A_g08_prev_ret_h60,-0.0062402824207431,-0.006240282420743129,-1.5694264209266997,-1.5694264209266997,0.1168450967521272,0.11684509675212724,-0.0068271574774416,-0.006827157477441619,-0.2811333834830417,-0.2811333834830417,1068,1068,67797,67797,False,4.7257955815554006e-15,True
gate0A_g09_vol_state_h60,-0.0045752305552402,-0.004575230555240214,-0.8346024454369962,-0.8346024454369962,0.4041284033036537,0.40412840330365374,0.0044400525718113,0.004440052571811329,-0.0563914210697137,-0.056391421069713774,1068,1068,67797,67797,False,6.641880611691742e-15,True
gate0A_g10_logvol30_h60,-0.0002695521160894,-0.000269552116089496,-0.064415125573355,-0.06441512557335509,0.9486517521949346,0.9486517521949346,-0.0015964976364416,-0.0015964976364416814,0.2065578122925792,0.20655781229257927,1068,1068,67797,67797,False,3.559678686889234e-13,True
gate0A_g11_t_index_h60,-0.0058489583938749,-0.005848958393874959,-0.7064418298488299,-0.7064418298488299,0.4800676437229082,0.4800676437229082,0.0046029224584263,0.004602922458426337,-0.0184078941546086,-0.018407894154608678,1068,1068,67797,67797,False,1.0083949006198443e-14,True
gate0A_g12_dow_h60,-0.0044818124120232,-0.0044818124120232575,-0.4040008001816106,-0.40400080018161066,0.6862930884679276,0.6862930884679276,0.0098149081992457,0.009814908199245763,-0.0724272330687249,-0.0724272330687249,1068,1068,67797,67797,False,1.2772929664272073e-14,True
gate0A_g13_min_to_rel_h60,-0.0063261923403177,-0.006326192340317746,-1.732428776567027,-1.732428776567027,0.0834862142784425,0.0834862142784425,-0.0059928544738451,-0.005992854473845106,-0.3924657433219753,-0.39246574332197537,1068,1068,67797,67797,False,7.266641549990629e-15,True
gate0A_g14_min_since_rel_h60,-0.0047750428073939,-0.00477504280739399,-1.2024858101706442,-1.2024858101706442,0.2294421377742029,0.22944213777420294,-0.0139058102139611,-0.013905810213961199,-0.4975146392908282,-0.4975146392908282,1068,1068,67797,67797,False,1.889106012015508e-14,True
gate0A_g15_rel_day_h60,0.0019850198057501,0.001985019805750152,0.9635693266011608,0.9635693266011608,0.3354802133191051,0.3354802133191051,0.0088278963604094,0.008827896360409423,1.237047192957135,1.237047192957135,1068,1068,67797,67797,False,2.6217221676353657e-14,True
gate0A_g16_month_end_h60,0.000994479876797,0.0009944798767970678,0.6574918725014465,0.6574918725014465,0.5110065007436797,0.5110065007436797,0.0090164266016767,0.00901642660167673,-0.2074373484236156,-0.2074373484236156,1068,1068,67797,67797,False,6.82477922189694e-14,True
gate0A_g17_nq_h60,0.0021927516129208,0.002192751612920897,0.3966633877753319,0.3966633877753319,0.6916950208489041,0.6916950208489041,-0.0019136959649191,-0.0019136959649191465,0.0341069912255932,0.03410699122559322,1068,1068,67797,67797,False,4.4104782874555257e-14,True
gate0A_g17_zn_h60,-0.0049194999024399,-0.004919499902439982,-1.0613051190287073,-1.0613051190287073,0.288791420364493,0.288791420364493,0.0005345644445786,0.0005345644445786759,0.2746798369034604,0.2746798369034604,1068,1068,67797,67797,False,1.4197381221978258e-13,True
gate0A_g17_6e_h60,-0.0041794846909804,-0.004179484690980446,-1.1011317525230595,-1.1011317525230595,0.2710876554873145,0.2710876554873145,-0.0057892330737596,-0.005789233073759684,-0.1146426827283094,-0.11464268272830946,1068,1068,67797,67797,False,1.4383032395828397e-14,True
gate0A_g17_cl_h60,-2.7842287936218707e-05,-2.7842287936218707e-05,-0.0056712925716587,-0.005671292571658741,0.9954760475909116,0.9954760475909116,-0.003533615584122,-0.0035336155841220332,-0.3953239862188373,-0.39532398621883735,1068,1068,67797,67797,False,9.450214976015993e-15,True
gate0A_g17_gc_h60,-0.0091110730276704,-0.009111073027670485,-1.547003576018232,-1.547003576018232,0.1221589129820284,0.1221589129820284,-0.0017498170284733,-0.0017498170284733895,-0.5979706684856767,-0.5979706684856767,1068,1068,67797,67797,False,5.11796936422742e-14,True
gate0A_g17_zc_h60,3.6831967607040445e-05,3.6831967607040445e-05,0.0091592461407353,0.00915924614073538,0.9926937932482452,0.9926937932482451,-0.001542284140017,-0.0015422841400170478,-0.4877173794159477,-0.4877173794159477,1068,1068,67797,67797,False,3.093132734207776e-14,True
gate0A_g17_mbt_h60,0.0011704558710068,0.0011704558710068614,1.695411235484175,1.695411235484175,0.0902891837964281,0.09028918379642815,0.0025573558748089,0.002557355874808941,0.2896126760563099,0.2896126760563099,1068,1068,67797,67797,False,5.2429010339271315e-14,True
gate0A_cp1_ret_h120,0.0023607002123032,0.0023607002123032872,0.2555373982829925,0.2555373982829925,0.798357312759217,0.798357312759217,0.0056054636561315,0.0056054636561315265,-0.3155397214912925,-0.3155397214912925,1068,1068,67646,67646,False,3.692542331869607e-14,True
gate0A_cp2_range_h120,0.0025010973978035,0.0025010973978035187,0.310024289337988,0.31002428933798803,0.7566030254084489,0.7566030254084489,0.0084973719787469,0.008497371978746953,0.0268308547438114,0.026830854743811444,1068,1068,67646,67646,False,7.456038050788316e-15,True
gate0A_cp2_brk_h120,0.0053267175768296,0.005326717576829686,0.8654434967354373,0.8654434967354373,0.3869899561116978,0.38698995611169784,0.017982033417907,0.01798203341790707,1.080414565991991,1.080414565991991,1068,1068,67646,67646,False,1.6283231192156296e-14,True
gate0A_cp3_clv_h120,-0.0099660871740771,-0.009966087174077197,-1.9246020391649792,-1.9246020391649792,0.0545448229139617,0.054544822913961725,-0.009585287967117,-0.009585287967117098,-0.6967891671347928,-0.6967891671347928,1068,1068,67646,67646,False,1.0134751818407673e-14,True
gate0A_k1_vwap_dist_h120,0.0002354821149238,0.00023548211492389472,0.2589958334293763,0.2589958334293763,0.7956884110223537,0.7956884110223537,0.008848968399956,0.008848968399956053,13.177480916030534,13.177480916030534,1068,1068,67646,67646,False,4.022902752149027e-13,True
gate0A_k1_vxn_regime_h120,0.0005758927298523,0.0005758927298523736,0.3352259855399397,0.3352259855399397,0.7375205155428177,0.7375205155428177,-0.0070524643061439,-0.007052464306143935,-6.135880267821977,-6.135880267821977,1068,1068,67646,67646,False,1.2783166672487269e-13,True
gate0A_k1_vxn_band_h120,0.0011531300936127,0.0011531300936127706,1.86338882797158,1.8633888279715798,0.0626821412566123,0.06268214125661233,0.0065449959948501,0.006544995994850114,9.179598267034264,9.179598267034265,1068,1068,67646,67646,False,6.111464925068825e-14,True
gate0A_k2_auction_mto_h120,-0.0009900869179461,-0.000990086917946167,-1.861935867408218,-1.861935867408218,0.0628868869513595,0.06288688695135952,-0.0098361184723531,-0.009836118472353182,-1.2301255230125523,-1.2301255230125523,1068,1068,67646,67646,True,6.767455770307157e-14,True
gate0A_k2_auction_msince_h120,4.168817454066196e-05,4.168817454066196e-05,1.4792448066549977,1.4792448066549977,0.1393700579975963,0.13937005799759636,0.0006879677262871,0.0006879677262871401,0.3888888888888889,0.3888888888888889,1068,1068,67646,67646,False,5.831011957270289e-14,True
gate0A_k2_fomc_mto_h120,-8.45384184416779e-05,-8.45384184416779e-05,-0.1452376984486158,-0.14523769844861584,0.8845506325908956,0.8845506325908956,0.0010799648459263,0.001079964845926374,-1.7424242424242424,-1.7424242424242424,1068,1068,67646,67646,False,6.846758803531685e-14,True
gate0A_k2_monthend_msince_h120,-0.0008389672013068,-0.0008389672013068171,-1.7166815336644226,-1.7166815336644226,0.0863275993529966,0.08632759935299666,-0.0137093189481854,-0.013709318948185483,-2.9025735294117645,-2.9025735294117645,1068,1068,67646,67646,False,2.0289200914538905e-14,True
gate0A_k2_predrift_move_h120,-9.854376281747414e-05,-9.854376281747414e-05,-0.6414081518230267,-0.6414081518230267,0.5213952887171045,0.5213952887171045,0.0003137998168037,0.00031379981680373844,-0.2545454545454545,-0.2545454545454545,1068,1068,67646,67646,False,1.224824393018997e-13,True
gate0A_k3_ldnmom_trend_h120,0.0005945473460144,0.0005945473460144267,0.7548047159002393,0.7548047159002393,0.45053272671769,0.45053272671769007,0.0008783739856101,0.0008783739856101797,0.1022326674500564,0.10223266745005648,1068,1068,67646,67646,False,9.07231554931891e-14,True
gate0A_k3_ldnrev_move_h120,-0.0001149219703119,-0.00011492197031197425,-0.3605911229701488,-0.36059112297014884,0.7184764983170866,0.7184764983170866,0.0008324863213697,0.0008324863213697033,0.3301435406697141,0.3301435406697141,1068,1068,67646,67646,False,6.461279430427942e-13,True
gate0A_k3_mehedge_req_h120,-0.0004613613014435,-0.0004613613014435062,-1.8849621222247472,-1.8849621222247472,0.0597065182951098,0.059706518295109874,-0.0037754717862124,-0.0037754717862124197,-3.9069767441860943,-3.9069767441860943,1068,1068,67646,67646,False,1.3395038473819876e-14,True
gate0A_k3_ecbfix_mto_h120,0.0,0.0,,,1.0,1.0,,,,,1068,1068,67646,67646,False,0.0,True
gate0A_k3_ecbfix_msince_h120,0.0009338116509225,0.0009338116509225734,1.439276578612347,1.439276578612347,0.1503654653132447,0.15036546531324477,0.0077332620723473,0.007733262072347301,1.2338514680483912,1.2338514680483912,1068,1068,67646,67646,False,7.86030962504607e-14,True
gate0A_k3_tkypost_msince_h120,0.0002240323354681,0.00022403233546810752,0.3869867317563336,0.3869867317563336,0.6988431994012334,0.6988431994012334,0.0062868242130326,0.006286824213032688,0.8576642335766178,0.8576642335766178,1068,1068,67646,67646,False,3.351346594130804e-14,True
gate0A_k3_tkypre_msince_h120,0.0001047966295779,0.00010479662957792754,0.3530980187890341,0.35309801878903413,0.7240847025420556,0.7240847025420556,0.0043288635873271,0.00432886358732718,0.9005628517823142,0.9005628517823142,1068,1068,67646,67646,False,2.627826418850027e-13,True
gate0A_k4_apipre_ret_h120,-6.429391854501703e-05,-6.429391854501703e-05,-0.288652714325037,-0.28865271432503703,0.7729032176784901,0.7729032176784901,0.0021231331343941,0.0021231331343941765,0.3675564681724841,0.3675564681724841,1068,1068,67646,67646,False,3.595056367709094e-14,True
gate0A_k4_eiafade_move_h120,0.0002057472230033,0.00020574722300331774,1.3091558918283783,1.3091558918283783,0.1907634052346959,0.19076340523469593,-0.002358655848274,-0.0023586558482740624,2.1764705882352686,2.1764705882352686,1068,1068,67646,67646,False,8.61576903025911e-14,True
gate0A_k4_eiamom_r3_h120,-8.137982971263345e-05,-8.137982971263345e-05,-0.3677727488827675,-0.36777274888276756,0.7131156296747229,0.7131156296747229,-0.0042030871992884,-0.004203087199288406,-2.0093167701863206,-2.0093167701863206,1068,1068,67646,67646,False,1.4445410904029665e-15,True
gate0A_k4_ngpre_mto_h120,-7.07498804501357e-06,-7.07498804501357e-06,-0.057216741816678,-0.05721674181667801,0.9543832546006532,0.9543832546006532,0.0009625855626847,0.0009625855626847646,-0.9586776859504932,-0.9586776859504931,1068,1068,67646,67646,False,6.713008379214372e-14,True
gate0A_k4_ngpre_msince_h120,-0.0002089020136693,-0.0002089020136693234,-1.2845027750294742,-1.2845027750294742,0.1992448970304457,0.19924489703044573,-0.0024568547375368,-0.002456854737536867,-8.211480362537738,-8.211480362537738,1068,1068,67646,67646,False,1.1197432451944694e-13,True
gate0A_k4_ovr_ret_h120,-0.0005637461053668,-0.0005637461053668626,-0.9289201134937294,-0.9289201134937294,0.353140580963671,0.353140580963671,-0.0003033209757648,-0.00030332097576486386,-0.2062896710905882,-0.20628967109058824,1068,1068,67646,67646,False,2.1053442742746702e-13,True
gate0A_k4_ovr_pct_h120,-0.0002882403160672,-0.00028824031606729223,-0.4953908336331797,-0.4953908336331797,0.6204262693038586,0.6204262693038586,0.0005493795775148,0.0005493795775148066,0.0349105597230312,0.034910559723031205,1068,1068,67646,67646,False,3.199115100483188e-13,True
gate0A_k5_ovr_ret_h120,-0.0003223127012399,-0.00032231270123995456,-0.4375635738530705,-0.4375635738530705,0.6617912342704733,0.6617912342704733,-0.0019283595482034,-0.0019283595482034706,-0.1112648768336626,-0.11126487683366267,1068,1068,67646,67646,False,1.6920018685649163e-13,True
gate0A_k5_ovr_pct_h120,-0.0001100447609056,-0.00011004476090564545,-0.1674619538323529,-0.16746195383235293,0.867038313519139,0.867038313519139,-0.0040734389090778,-0.004073438909077803,-0.5696097425961866,-0.5696097425961866,1068,1068,67646,67646,False,4.1306079187567084e-13,True
gate0A_k5_pmfix_move_h120,-1.5083952036351236e-05,-1.5083952036351236e-05,-0.0478972774421624,-0.047897277442162496,0.9618070725827,0.9618070725827,-0.0003216689835701,-0.00032166898357017046,-0.1711373390557957,-0.1711373390557957,1068,1068,67646,67646,False,2.1908590759787828e-13,True
gate0A_k5_preauc_msince_h120,-0.0001001346396264,-0.00010013463962643455,-0.1577352910775461,-0.1577352910775461,0.8746952347563217,0.8746952347563217,0.0022831100172068,0.0022831100172068363,0.4762072611914094,0.47620726119140944,1068,1068,67646,67646,False,3.4512476778168015e-13,True
gate0A_k6_crushgap_gap_h120,-0.0003793655785256,-0.00037936557852565273,-0.4015978050770428,-0.4015978050770428,0.6880604655407103,0.6880604655407103,0.0012965344398423,0.0012965344398423032,-0.2893915756630265,-0.28939157566302653,1068,1068,67646,67646,False,1.3903853875307e-13,True
gate0A_k6_limitcont_dir_h120,0.0005249298242137,0.0005249298242137638,1.1076913443704612,1.1076913443704612,0.2682447750898166,0.2682447750898166,0.0067138876846822,0.006713887684682285,20.624999999999947,20.624999999999947,1068,1068,67646,67646,False,1.2144687689946669e-13,True
gate0A_k6_wasdepre_drift_h120,0.000124396837222,0.0001243968372220266,0.6456946172023428,0.6456946172023428,0.5186159769866322,0.5186159769866322,0.002883017817616,0.002883017817616065,5.3052631578947365,5.3052631578947365,1068,1068,67646,67646,False,2.1375188368132214e-13,True
gate0A_k7_expiry_mto_h120,0.0,0.0,,,1.0,1.0,,,,,1068,1068,67646,67646,False,0.0,True
gate0A_k7_expiry_msince_h120,0.0,0.0,,,1.0,1.0,,,,,1068,1068,67646,67646,False,0.0,True
gate0A_k7_montrend_ret_h120,0.0,0.0,,,1.0,1.0,,,,,1068,1068,67646,67646,False,0.0,True
gate0A_k7_rev2h_ret_h120,0.0,0.0,,,1.0,1.0,,,,,1068,1068,67646,67646,False,0.0,True
gate0A_k8_oilcad_ret_h120,0.0005102390515221,0.0005102390515221074,0.9294428971298592,0.9294428971298592,0.3528698236140293,0.35286982361402935,0.0002481275366431,0.0002481275366431063,0.0206043956044042,0.020604395604404233,1068,1068,67646,67646,False,2.5343308064436203e-14,True
gate0A_k8_oilcad_z_h120,0.0002103110161655,0.0002103110161655628,0.4274908175678593,0.4274908175678593,0.6691081284353,0.6691081284353,-0.0011380652366909,-0.0011380652366909572,-0.2651098901098745,-0.2651098901098745,1068,1068,67646,67646,False,2.9861683893811346e-13,True
gate0A_k8_wkndbtc_move_h120,0.0,0.0,,,1.0,1.0,,,,,1068,1068,67646,67646,False,0.0,True
gate0A_k9_anncday_h120,4.6513929156058666e-05,4.6513929156058666e-05,0.0648558919353038,0.06485589193530386,0.9483008882759866,0.9483008882759866,0.0085969892046004,0.008596989204600457,-0.4153392330383555,-0.41533923303835557,1068,1068,67646,67646,False,6.658828264737262e-15,True
gate0A_g01_ret30_h120,0.0019992327524013,0.001999232752401349,0.2660587694101782,0.2660587694101782,0.7902453490727751,0.7902453490727751,0.0062279800129522,0.006227980012952213,0.358968927704363,0.35896892770436306,1068,1068,67646,67646,True,2.4512372627690315e-14,True
gate0A_g02_ret60_h120,0.0092840222572655,0.009284022257265583,1.2410630400803426,1.2410630400803426,0.2148552441681965,0.2148552441681965,0.0054444947428687,0.005444494742868715,0.6221465465269709,0.6221465465269709,1068,1068,67646,67646,False,8.968820252635977e-15,True
gate0A_g03_ret120_h120,-0.0004821200700026,-0.00048212007000268485,-0.0679384884703741,-0.0679384884703741,0.9458473286737192,0.9458473286737192,0.005989891261018,0.005989891261018016,-0.2773595052433444,-0.27735950524334446,1068,1068,67646,67646,False,1.7597031377788995e-13,True
gate0A_g04_ret_day_h120,0.0028221761831613,0.0028221761831613698,0.3453529272562596,0.3453529272562596,0.7298971315923445,0.7298971315923445,0.0120261007340319,0.012026100734031977,0.1807497856488218,0.18074978564882185,1068,1068,67646,67646,False,2.474070198900622e-14,True
gate0A_g05_gap_h120,-0.0061410121262463,-0.006141012126246337,-0.6792394749882161,-0.6792394749882161,0.4971334509171162,0.4971334509171162,0.0018248431280206,0.0018248431280206148,0.0890238572483544,0.08902385724835445,1068,1068,67646,67646,False,8.080228551917636e-15,True
gate0A_g06_rv60_h120,-0.0067636601116126,-0.0067636601116126335,-0.7937056814521789,-0.7937056814521789,0.4275432629432958,0.42754326294329587,0.0016392839012243,0.0016392839012243088,0.2164946929604091,0.21649469296040919,1068,1068,67646,67646,False,5.291101421423156e-15,True
gate0A_g07_range_h120,-0.0203338428814834,-0.02033384288148347,-2.42623923856189,-2.42623923856189,0.0154211080414844,0.01542110804148443,-0.0041323791582225,-0.004132379158222582,-0.1418117848801162,-0.14181178488011623,1068,1068,67646,67646,False,1.9939933378315638e-14,True
gate0A_g08_prev_ret_h120,-0.0124500499784194,-0.012450049978419472,-2.080600146893892,-2.080600146893892,0.0377086488801798,0.03770864888017986,-0.0114840078978162,-0.011484007897816268,-0.5161132956863692,-0.5161132956863692,1068,1068,67646,67646,False,5.8911676276328756e-15,True
gate0A_g09_vol_state_h120,-0.0015558291395134,-0.0015558291395134346,-0.1940681175396903,-0.19406811753969033,0.8461594853823351,0.8461594853823351,0.0017832687583746,0.0017832687583746861,-0.0109693538134006,-0.010969353813400633,1068,1068,67646,67646,False,4.827407651879102e-14,True
gate0A_g10_logvol30_h120,0.0029426002425199,0.0029426002425199742,0.4964477077969787,0.4964477077969787,0.6196808281367655,0.6196808281367655,0.0026739292959837,0.0026739292959837495,0.2718416462170663,0.2718416462170663,1068,1068,67646,67646,False,2.5202005874403143e-14,True
gate0A_g11_t_index_h120,-0.0028202017403389,-0.002820201740338947,-0.2307565311535036,-0.23075653115350367,0.8175481898669227,0.8175481898669227,0.0013303164265335,0.0013303164265335724,-0.0320639801318642,-0.0320639801318642,1068,1068,67646,67646,False,5.444171302217921e-14,True
gate0A_g12_dow_h120,0.001567160393388,0.0015671603933880697,0.0943084313354001,0.09430843133540018,0.9248818588864952,0.9248818588864953,0.0110842636377866,0.011084263637786664,-0.3283427056843029,-0.32834270568430296,1068,1068,67646,67646,False,4.441522371752103e-14,True
gate0A_g13_min_to_rel_h120,-0.003084949098013,-0.0030849490980130335,-0.5622502409749702,-0.5622502409749702,0.5740636298143683,0.5740636298143683,-0.0010947033949,-0.0010947033949000554,-0.1511545398101898,-0.15115453981018984,1068,1068,67646,67646,False,5.070885089958628e-14,True
gate0A_g14_min_since_rel_h120,-0.0069121124544521,-0.006912112454452167,-1.156403954347064,-1.1564039543470641,0.2477748103358127,0.24777481033581272,-0.0126368506369155,-0.012636850636915579,-0.343922774443423,-0.34392277444342306,1068,1068,67646,67646,False,9.662292716619351e-15,True
gate0A_g15_rel_day_h120,0.0027260067151875,0.002726006715187569,0.9691312445817226,0.9691312445817226,0.3326993327445579,0.33269933274455793,0.0077565353703627,0.00775653537036277,0.5001444251877502,0.5001444251877502,1068,1068,67646,67646,False,2.529533686982626e-14,True
gate0A_g16_month_end_h120,0.0020362285791452,0.0020362285791452463,0.8670565384387674,0.8670565384387674,0.386105973791349,0.38610597379134903,0.006399822968341,0.00639982296834101,1.0393112410656131,1.0393112410656133,1068,1068,67646,67646,False,2.2789117812037917e-14,True
gate0A_g17_nq_h120,0.0008336352038289,0.0008336352038289563,0.1004604101256246,0.10046041012562464,0.919997684403375,0.919997684403375,-0.0023857455110132,-0.002385745511013296,-0.0954137551874529,-0.09541375518745297,1068,1068,67646,67646,False,6.749965991544555e-14,True
gate0A_g17_zn_h120,-0.0097394640866194,-0.009739464086619416,-1.402479487242413,-1.4024794872424127,0.1610629871655866,0.16106298716558662,-0.0060638586029987,-0.006063858602998745,-0.2308946520371396,-0.23089465203713969,1068,1068,67646,67646,False,7.4379719792761e-15,True
gate0A_g17_6e_h120,-0.0052739715337211,-0.005273971533721181,-1.0533004501885317,-1.0533004501885317,0.2924417741018813,0.2924417741018813,-0.0078997865283996,-0.007899786528399694,0.0661355718098656,0.06613557180986562,1068,1068,67646,67646,False,1.529485722802273e-14,True
gate0A_g17_cl_h120,0.0126613801482237,0.012661380148223786,1.8390721202322469,1.8390721202322469,0.066182316656592,0.06618231665659206,0.0043332573343796,0.0043332573343796655,-0.1132803841891385,-0.11328038418913859,1068,1068,67646,67646,False,1.521245728106648e-14,True
gate0A_g17_gc_h120,0.0044379190268757,0.004437919026875771,0.5718881886186559,0.5718881886186559,0.567518182651782,0.567518182651782,-0.0022062537283916,-0.0022062537283916357,-0.8729985133033763,-0.8729985133033763,1068,1068,67646,67646,False,1.6118649817965047e-14,True
gate0A_g17_zc_h120,-2.4478427011447487e-05,-2.4478427011447487e-05,-0.0041095922351919,-0.004109592235191946,0.9967217972212424,0.9967217972212423,-0.0055176566049959,-0.005517656604995906,-0.6121602947950204,-0.6121602947950204,1068,1068,67646,67646,False,1.1186066520110179e-14,True
gate0A_g17_mbt_h120,0.0011323032387081,0.0011323032387081933,1.3954617808128122,1.3954617808128122,0.1631669727015001,0.1631669727015001,0.0040851025402157,0.004085102540215795,0.8016784452296652,0.8016784452296652,1068,1068,67646,67646,False,8.23466573672697e-14,True
gate0A_cp1_ret_hF,0.0072016669191503,0.007201666919150388,0.2875361987439289,0.28753619874392894,0.7737576231213907,0.7737576231213907,0.0180998579930021,0.01809985799300216,-0.6077594868227828,-0.6077594868227828,1068,1068,64695,64695,False,1.2284780491521878e-14,True
gate0A_cp2_range_hF,-0.0246767705304573,-0.02467677053045737,-1.205464616102513,-1.205464616102513,0.2282912519265114,0.2282912519265114,0.0042919749875471,0.004291974987547176,-0.1934461704923097,-0.19344617049230972,1068,1068,64695,64695,False,1.75817593121893e-14,True
gate0A_cp2_brk_hF,0.0058700861513966,0.005870086151396695,0.5244419028144023,0.5244419028144023,0.600080148399067,0.600080148399067,0.0305873965308157,0.030587396530815703,1.950916736233505,1.950916736233505,1068,1068,64695,64695,False,1.6105799302151826e-14,True
gate0A_cp3_clv_hF,-0.0173887772307433,-0.01738877723074338,-1.6080037526224773,-1.6080037526224773,0.1081301920805344,0.10813019208053444,-0.0181741572373558,-0.018174157237355867,-1.342746734678107,-1.342746734678107,1068,1068,64695,64695,False,4.589010419539531e-15,True
gate0A_k1_vwap_dist_hF,0.0005986478844689,0.0005986478844689969,0.511291592850163,0.511291592850163,0.6092526734776091,0.6092526734776091,0.015474104363567,0.015474104363567057,25.69465648854962,25.69465648854962,1068,1068,64695,64695,False,1.6172988582233882e-13,True
gate0A_k1_vxn_regime_hF,-0.0001859810439686,-0.00018598104396863239,-0.0465064609896361,-0.04650646098963612,0.9629152870859924,0.9629152870859924,-0.0088542142982234,-0.008854214298223475,-14.495470657739268,-14.495470657739267,1068,1068,64695,64695,False,1.7416043706296993e-13,True
gate0A_k1_vxn_band_hF,0.0027947591429033,0.0027947591429033887,1.9684186861757589,1.9684186861757589,0.0492784471199947,0.04927844711999475,0.0129512979859407,0.012951297985940722,21.35880267821977,21.35880267821977,1068,1068,64695,64695,False,3.181117713473196e-14,True
gate0A_k2_auction_mto_hF,-0.0006965479246409,-0.0006965479246409894,-1.6280941491349823,-1.6280941491349823,0.1038001369732946,0.10380013697329461,-0.0022347402872943,-0.002234740287294372,-0.8531914893617021,-0.8531914893617021,1068,1068,64695,64695,False,1.2825859621769996e-13,True
gate0A_k2_auction_msince_hF,3.8853223795896815e-05,3.8853223795896815e-05,1.3803389595027549,1.3803389595027549,0.167771412001191,0.16777141200119108,0.0013396358167596,0.0013396358167596669,0.9444444444444444,0.9444444444444444,1068,1068,64695,64695,False,4.9854485069421486e-14,True
gate0A_k2_fomc_mto_hF,0.0002628645277586,0.0002628645277586661,0.5984717705200864,0.5984717705200864,0.5496522084016147,0.5496522084016147,0.0019920282043842,0.0019920282043842073,1.9693486590038316,1.9693486590038314,1068,1068,64695,64695,False,2.515985442597832e-13,True
gate0A_k2_monthend_msince_hF,-0.0007469658050976,-0.0007469658050976579,-1.3312824242567278,-1.3312824242567278,0.1833804603151173,0.18338046031511734,-0.0075455956342918,-0.007545595634291812,-2.2402234636871508,-2.2402234636871508,1068,1068,64695,64695,False,7.750876360820372e-14,True
gate0A_k2_predrift_move_hF,-0.0001172015426045,-0.00011720154260451276,-0.2852153824423374,-0.2852153824423374,0.7755344883731687,0.7755344883731687,0.0042377031119319,0.004237703111931995,0.5329341317365269,0.5329341317365269,1068,1068,64695,64695,False,1.0881194709948898e-13,True
gate0A_k3_ldnmom_trend_hF,0.000440249481011,0.000440249481011035,0.4113211321093088,0.4113211321093088,0.6809196768125426,0.6809196768125426,0.0011139846540225,0.0011139846540225732,0.1713578719455432,0.1713578719455432,1068,1068,64695,64695,False,7.954519353630768e-14,True
gate0A_k3_ldnrev_move_hF,3.669628620963654e-05,3.669628620963654e-05,0.0854252039000836,0.0854252039000836,0.9319393825245644,0.9319393825245645,0.0043352170765639,0.004335217076563978,2.1406250000000724,2.1406250000000724,1068,1068,64695,64695,False,1.8006608444352094e-14,True
gate0A_k3_mehedge_req_hF,-0.0006234001889347,-0.0006234001889347202,-1.9161511480672984,-1.9161511480672986,0.0556128201461756,0.05561282014617561,-0.0029889516464748,-0.002988951646474804,-2.373015873015865,-2.373015873015865,1068,1068,64695,64695,False,3.23486594424855e-14,True
gate0A_k3_ecbfix_mto_hF,0.0,0.0,,,1.0,1.0,,,,,1068,1068,64695,64695,False,0.0,True
gate0A_k3_ecbfix_msince_hF,0.0002048362888145,0.00020483628881458248,0.2858242014103364,0.28582420141033643,0.7750682496076514,0.7750682496076514,0.0024200504862646,0.002420050486264608,0.4082369942196676,0.4082369942196676,1068,1068,64695,64695,False,4.02666347594767e-13,True
gate0A_k3_tkypost_msince_hF,0.00134452260349,0.0013445226034900478,1.870640795327839,1.870640795327839,0.0616684581653069,0.0616684581653069,0.0111081513792767,0.01110815137927672,2.08351457155286,2.0835145715528594,1068,1068,64695,64695,False,3.548091751342231e-14,True
gate0A_k3_tkypre_msince_hF,0.0001251279489241,0.0001251279489241606,0.3538137261541684,0.35381372615416845,0.7235483856019592,0.7235483856019592,0.0030878848455762,0.003087884845576239,0.7729083665338771,0.7729083665338771,1068,1068,64695,64695,False,4.843594253964254e-13,True
gate0A_k4_apipre_ret_hF,9.654437087061712e-05,9.654437087061711e-05,0.2177790030349853,0.21777900303498537,0.8276429444464031,0.8276429444464031,0.0059921225968454,0.005992122596845433,4.913757700205399,4.913757700205399,1068,1068,64695,64695,False,5.5005126331879575e-15,True
gate0A_k4_eiafade_move_hF,0.0002475320243713,0.00024753202437132046,0.9914942590960196,0.9914942590960195,0.3216690815238905,0.3216690815238905,-0.0019649355372515,-0.001964935537251538,2.272727272727229,2.272727272727229,1068,1068,64695,64695,False,8.256390664302123e-14,True
gate0A_k4_eiamom_r3_hF,-0.0002126209369936,-0.0002126209369936059,-0.6060534128569002,-0.6060534128569002,0.544608188189715,0.544608188189715,-0.0029507142222876,-0.0029507142222876116,-1.7204968944099674,-1.7204968944099674,1068,1068,64695,64695,False,2.766330009123581e-14,True
gate0A_k4_ngpre_mto_hF,8.049320689626584e-05,8.049320689626584e-05,0.7102711373149668,0.7102711373149668,0.4776912182580274,0.47769121825802746,0.0022021989586534,0.0022021989586534273,-1.6260869565218028,-1.6260869565218028,1068,1068,64695,64695,False,1.240664229690725e-14,True
gate0A_k4_ngpre_msince_hF,-0.0001232972527009,-0.00012329725270097323,-0.784285763512366,-0.784285763512366,0.4330465267835242,0.43304652678352423,0.0002997636575916,0.00029976365759160187,-2.84326018808776,-2.84326018808776,1068,1068,64695,64695,False,5.939942305852994e-13,True
gate0A_k4_ovr_ret_hF,-0.0004640694485034,-0.0004640694485034392,-0.5851990931175132,-0.5851990931175132,0.5585375882447123,0.5585375882447123,-0.0008572706120259,-0.0008572706120259321,-0.2520685579196131,-0.2520685579196131,1068,1068,64695,64695,False,8.4456989491004e-14,True
gate0A_k4_ovr_pct_hF,-0.0004341641971921,-0.0004341641971921848,-0.5852672647044209,-0.5852672647044209,0.558491772844614,0.558491772844614,0.0008732240297964,0.0008732240297964529,0.3460401891253066,0.34604018912530665,1068,1068,64695,64695,False,1.9528236191902333e-13,True
gate0A_k5_ovr_ret_hF,0.0001932448948688,0.00019324489486882888,0.2414769036092447,0.24147690360924473,0.809231912096212,0.809231912096212,0.0012117017736159,0.0012117017736159238,0.6994727592266986,0.6994727592266986,1068,1068,64695,64695,False,1.495200580400916e-13,True
gate0A_k5_ovr_pct_hF,0.0004576068895831,0.00045760688958313957,0.6228660383587306,0.6228660383587306,0.5335056553767843,0.5335056553767843,-0.0018011643815915,-0.0018011643815915694,0.1523140011716252,0.15231400117162525,1068,1068,64695,64695,False,8.647898490289467e-14,True
gate0A_k5_pmfix_move_hF,0.0001008667280618,0.00010086672806184912,0.1930735819826831,0.19307358198268312,0.8469380858930451,0.8469380858930451,0.0003622671327636,0.00036226713276360045,0.1000000000000344,0.10000000000003441,1068,1068,64695,64695,False,4.870576441284517e-13,True
gate0A_k5_preauc_msince_hF,-0.0001285341990936,-0.00012853419909362928,-0.1731994628781279,-0.17319946287812799,0.8625274956103097,0.8625274956103097,0.0003483751343169,0.0003483751343169637,0.3210227272727348,0.32102272727273484,1068,1068,64695,64695,False,2.277484036430235e-13,True
gate0A_k6_crushgap_gap_hF,-0.0008560171966234,-0.0008560171966234357,-0.6019179130021609,-0.6019179130021609,0.5473566544001726,0.5473566544001726,-0.0013721702652494,-0.0013721702652494984,-0.5163934426229508,-0.5163934426229508,1068,1068,64695,64695,False,7.174441813442421e-14,True
gate0A_k6_limitcont_dir_hF,6.46904105328334e-05,6.46904105328334e-05,0.7590622385716671,0.7590622385716671,0.4479829754530015,0.4479829754530015,0.0046459626927271,0.004645962692727101,10.06666666666687,10.06666666666687,1068,1068,64695,64695,False,3.73382997390914e-16,True
gate0A_k6_wasdepre_drift_hF,0.0001725906317325,0.0001725906317325895,0.7537183934210048,0.7537183934210048,0.4511846205802573,0.4511846205802573,0.0020707194698026,0.002070719469802645,6.2,6.2,1068,1068,64695,64695,False,5.185732761981561e-13,True
gate0A_k7_expiry_mto_hF,0.0,0.0,,,1.0,1.0,,,,,1068,1068,64695,64695,False,0.0,True
gate0A_k7_expiry_msince_hF,0.0,0.0,,,1.0,1.0,,,,,1068,1068,64695,64695,False,0.0,True
gate0A_k7_montrend_ret_hF,0.0,0.0,,,1.0,1.0,,,,,1068,1068,64695,64695,False,0.0,True
gate0A_k7_rev2h_ret_hF,0.0,0.0,,,1.0,1.0,,,,,1068,1068,64695,64695,False,0.0,True
gate0A_k8_oilcad_ret_hF,0.001114204869927,0.00111420486992709,0.8042375135451294,0.8042375135451294,0.4214389621827492,0.42143896218274923,-0.0029360115496368,-0.002936011549636809,-0.517214996174441,-0.517214996174441,1068,1068,64695,64695,False,8.076502153700464e-14,True
gate0A_k8_oilcad_z_hF,0.0006440855439576,0.0006440855439576517,0.5367065248387681,0.5367065248387681,0.5915822331266957,0.5915822331266957,-0.003570293416044,-0.0035702934160440976,-0.7712318286151476,-0.7712318286151476,1068,1068,64695,64695,False,8.029437100820709e-14,True
gate0A_k8_wkndbtc_move_hF,0.0,0.0,,,1.0,1.0,,,,,1068,1068,64695,64695,False,0.0,True
gate0A_k9_anncday_hF,0.0001419053628949,0.00014190536289493495,0.0808524182391496,0.08085241823914965,0.9355744831531004,0.9355744831531004,0.0143449255257418,0.014344925525741849,5.362241887905621,5.362241887905621,1068,1068,64695,64695,False,2.462092643687707e-13,True
gate0A_g01_ret30_hF,0.0049473013746283,0.004947301374628394,0.3209131528558137,0.32091315285581373,0.748339048844746,0.748339048844746,0.0160736217506897,0.01607362175068971,1.515347085508861,1.515347085508861,1068,1068,64695,64695,False,1.893457879545165e-14,True
gate0A_g02_ret60_hF,0.0022772838846793,0.0022772838846793083,0.1497965671511422,0.14979656715114226,0.880953427212019,0.880953427212019,0.0121513256353228,0.012151325635322835,1.758606522297355,1.758606522297355,1068,1068,64695,64695,False,3.618317666200935e-15,True
gate0A_g03_ret120_hF,-0.0017805240990407,-0.0017805240990407282,-0.1430064695099814,-0.14300646950998142,0.8863120722269707,0.8863120722269707,0.0117915426707589,0.011791542670758954,-0.102932852189906,-0.10293285218990604,1068,1068,64695,64695,False,1.5831999409505496e-14,True
gate0A_g04_ret_day_hF,0.0006129958155821,0.0006129958155821828,0.0347027395106554,0.03470273951065542,0.972323267102423,0.972323267102423,0.0256781147735897,0.025678114773589708,0.5064842723549037,0.5064842723549037,1068,1068,64695,64695,False,1.3512824047456702e-13,True
gate0A_g05_gap_hF,-0.0071692760875298,-0.007169276087529848,-0.3295066516546403,-0.3295066516546403,0.7418374385819336,0.7418374385819336,0.0062173785726377,0.006217378572637743,0.0017962090535278,0.0017962090535278336,1068,1068,64695,64695,False,1.8711779278162858e-14,True
gate0A_g06_rv60_hF,-0.0377881140707626,-0.03778811407076262,-1.817272934130394,-1.8172729341303941,0.0694557320520214,0.06945573205202141,-0.0027683717765333,-0.0027683717765333315,-0.3241208748744137,-0.32412087487441377,1068,1068,64695,64695,False,1.1435856883435307e-14,True
gate0A_g07_range_hF,-0.0603182007899044,-0.06031820078990447,-2.4267813930829725,-2.4267813930829725,0.0153982136770889,0.01539821367708899,-0.0112806584729304,-0.011280658472930456,-0.8048380864054516,-0.8048380864054516,1068,1068,64695,64695,False,5.858187361369778e-15,True
gate0A_g08_prev_ret_hF,-0.0121677217285809,-0.012167721728580978,-0.93796353893973,-0.93796353893973,0.348475408686816,0.34847540868681603,-0.0161889250538556,-0.016188925053855673,-0.890872555838937,-0.890872555838937,1068,1068,64695,64695,False,6.415544188160861e-15,True
gate0A_g09_vol_state_hF,-0.018468345131277,-0.01846834513127702,-1.1359308479203003,-1.1359308479203003,0.2562405801169906,0.25624058011699063,-0.0021306565465361,-0.002130656546536133,-0.1836548568601979,-0.18365485686019797,1068,1068,64695,64695,False,1.5469290955007695e-14,True
gate0A_g10_logvol30_hF,0.0027945409352202,0.0027945409352202514,0.2915158526980115,0.29151585269801156,0.7707134834681262,0.7707134834681262,-0.0020356317955663,-0.0020356317955663996,0.0348867764123937,0.03488677641239376,1068,1068,64695,64695,False,4.900031532515567e-14,True
gate0A_g11_t_index_hF,-0.0112355319139686,-0.011235531913968639,-0.4974247466626234,-0.4974247466626234,0.6189920449658423,0.6189920449658423,0.0031406791156187,0.0031406791156187996,0.0916763273823377,0.09167632738233777,1068,1068,64695,64695,False,3.1759564156879365e-14,True
gate0A_g12_dow_hF,0.0043680093901135,0.004368009390113512,0.1393795320272498,0.13937953202724987,0.8891765482691228,0.8891765482691228,0.0192836899876133,0.019283689987613345,-0.4630939019827874,-0.4630939019827874,1068,1068,64695,64695,False,2.779999594168017e-15,True
gate0A_g13_min_to_rel_hF,-0.0106842415534113,-0.010684241553411324,-0.9912509521570968,-0.9912509521570968,0.3217877880326567,0.32178778803265673,-0.0134767538266659,-0.013476753826665902,-1.0157972022567423,-1.0157972022567423,1068,1068,64695,64695,False,2.2730793329846694e-15,True
gate0A_g14_min_since_rel_hF,0.0051644630833463,0.005164463083346373,0.468736120841878,0.46873612084187805,0.6393540130185246,0.6393540130185246,8.563548590412727e-05,8.563548590412727e-05,0.1662415951773734,0.16624159517737347,1068,1068,64695,64695,False,1.4275588098742463e-14,True
gate0A_g15_rel_day_hF,0.0017431157234174,0.0017431157234174357,0.2399261745994507,0.2399261745994507,0.8104335726830358,0.8104335726830358,0.015334499855381,0.015334499855381064,0.6456652106315165,0.6456652106315165,1068,1068,64695,64695,False,2.0525700738833555e-14,True
gate0A_g16_month_end_hF,0.003811000326579,0.003811000326579089,0.8958121134492841,0.8958121134492841,0.3705551663709204,0.3705551663709204,0.0090218491035136,0.00902184910351366,2.4484221241940904,2.4484221241940904,1068,1068,64695,64695,False,2.3328410003999076e-14,True
gate0A_g17_nq_hF,0.0131671423755402,0.013167142375540297,0.8701809792935404,0.8701809792935404,0.3843972270622161,0.38439722706221613,0.0014309935317675,0.0014309935317675514,-0.0601392856475979,-0.060139285647597907,1068,1068,64695,64695,False,3.5912938692556453e-14,True
gate0A_g17_zn_hF,-0.0029028367617954,-0.00290283676179545,-0.3070038206086868,-0.30700382060868686,0.7589003680701404,0.7589003680701404,-0.0034661270484067,-0.0034661270484067,0.3266473336555467,0.32664733365554677,1068,1068,64695,64695,False,1.718088340023839e-14,True
gate0A_g17_6e_hF,-0.0092740055114291,-0.0092740055114291,-0.847515262074202,-0.847515262074202,0.3968980456752137,0.3968980456752137,-0.0035971267772441,-0.0035971267772441262,0.3582024793388425,0.3582024793388425,1068,1068,64695,64695,False,7.233787895456804e-15,True
gate0A_g17_cl_hF,0.0128904778586879,0.012890477858687943,1.0092199866715883,1.0092199866715885,0.3130979471991787,0.31309794719917877,0.0035064425207391,0.003506442520739165,-0.659768067682415,-0.659768067682415,1068,1068,64695,64695,False,1.8552173595994707e-14,True
gate0A_g17_gc_hF,0.0058499886409957,0.005849988640995723,0.3507211518830764,0.35072115188307645,0.7258667852125144,0.7258667852125144,0.0055141740445309,0.00551417404453091,-1.144553819815966,-1.144553819815966,1068,1068,64695,64695,False,4.003215794569611e-15,True
gate0A_g17_zc_hF,0.0041003425472632,0.0041003425472632875,0.5148935855389755,0.5148935855389755,0.6067340259880745,0.6067340259880745,0.0047358106079384,0.0047358106079384635,-0.7690816064294547,-0.7690816064294547,1068,1068,64695,64695,False,2.136493098492428e-14,True
gate0A_g17_mbt_hF,0.0002412244996797,0.00024122449967973537,0.1980972631059779,0.1980972631059779,0.8430067005098559,0.8430067005098559,0.0022457517896589,0.00224575178965893,0.4496088357109886,0.4496088357109886,1068,1068,64695,64695,False,1.4663558603832437e-13,True
