root,horizon,my_c,lead_c,my_sigma,lead_sigma,my_ratio,lead_ratio,my_n,lead_n,my_adm,lead_adm,max_rel
6A,h60,2.189843006329447,2.189843006329447,24.49826432962154,24.49826432962154,0.0893876797500974,0.08938767975009748,2707,2707,True,True,9.315235285184358e-16
6A,h120,2.177948124312389,2.1779481243123895,35.05910734595116,35.05910734595116,0.062122178491915,0.062122178491915085,2702,2702,True,True,1.3403703615726148e-15
6A,hF,2.182470666705267,2.182470666705267,49.84351092638885,49.84351092638885,0.0437864553708593,0.04378645537085937,2397,2397,True,True,1.7431836465524217e-15
6B,h60,1.9100472344821149,1.9100472344821147,19.91572005465515,19.91572005465515,0.0959065115014837,0.09590651150148374,2660,2660,True,True,4.3410361581965447e-16
6B,h120,1.9273618381486004,1.9273618381486004,27.73283735483067,27.73283735483067,0.069497463007076,0.06949746300707602,2640,2640,True,True,1.9968768941107194e-16
6B,hF,1.9341298434888312,1.9341298434888312,39.73754767957772,39.73754767957772,0.0486726020207542,0.048672602020754206,2197,2197,True,True,1.4256262488182683e-16
6C,h60,2.0353260450447426,2.0353260450447426,18.945706483544967,18.945706483544967,0.107429408706004,0.10742940870600402,2662,2662,True,True,2.583610572742332e-16
6C,h120,2.040427682679148,2.0404276826791476,27.476844551587455,27.476844551587458,0.0742598983245062,0.07425989832450623,2657,2657,True,True,3.737626396193085e-16
6C,hF,2.052052221374845,2.052052221374845,39.020785751244496,39.020785751244496,0.0525886955341333,0.05258869553413333,2389,2389,True,True,6.597324608863377e-16
6E,h60,1.92781167533719,1.9278116753371901,27.65787559024787,27.65787559024787,0.0697020878934365,0.06970208789343654,2974,2974,True,True,5.973043947707018e-16
6E,h120,1.9321262808105988,1.9321262808105988,38.12755722120249,38.12755722120249,0.0506753230898347,0.05067532308983477,2975,2975,True,True,1.3692845907674414e-15
6E,hF,1.980307985057706,1.980307985057706,51.86851782480593,51.86851782480593,0.038179382563938,0.03817938256393807,2847,2847,True,True,1.8174452906059533e-15
6J,h60,1.896082238942032,1.8960822389420318,20.414367308019543,20.414367308019546,0.0928797944277792,0.0928797944277792,2650,2650,True,True,1.7403006545320944e-16
6J,h120,1.895986451377042,1.895986451377042,28.50229004426125,28.502290044261255,0.0665204953157364,0.06652049531573644,2629,2629,True,True,6.258727212693253e-16
6J,hF,1.9431560131634824,1.9431560131634826,40.2614408096516,40.2614408096516,0.0482634494465896,0.048263449446589675,2452,2452,True,True,1.5814831682813522e-15
6N,h60,2.2829838415164643,2.2829838415164643,22.579174865376704,22.579174865376704,0.1011101537203306,0.10111015372033064,1274,1274,True,True,4.1176243820774625e-16
6N,h120,2.266858241253076,2.2668582412530762,34.10951290095431,34.10951290095431,0.0664582413661396,0.06645824136613968,1262,1262,True,True,1.0440983332192986e-15
6N,hF,2.290396644463172,2.290396644463172,51.70509124726735,51.70509124726735,0.0442973136535025,0.04429731365350257,850,850,True,True,1.5664367275595668e-15
6S,h60,2.6831705863619875,2.6831705863619875,30.453199037320637,30.453199037320633,0.0881080041237618,0.08810800412376188,1520,1520,True,True,9.450529231138321e-16
6S,h120,2.678875905620415,2.678875905620415,42.54950030240061,42.54950030240061,0.0629590450318232,0.0629590450318232,1500,1500,True,True,0.0
6S,hF,2.643117421219153,2.6431174212191535,59.74962479926671,59.74962479926671,0.0442365526160022,0.04423655261600223,1013,1013,True,True,6.274353215668201e-16
HE,h60,1.872751961746625,1.872751961746625,23.887554356403225,23.887554356403225,0.0783986478400046,0.07839864784000464,2392,2392,True,True,5.310469577027453e-16
HE,h120,1.8536002259977036,1.8536002259977034,31.89132612030431,31.89132612030431,0.0581223941270215,0.058122394127021526,2387,2387,True,True,4.775366884401127e-16
HE,hF,1.7972241816572845,1.7972241816572845,38.20115383103308,38.201153831033075,0.0470463324120145,0.04704633241201453,2393,2393,True,True,5.899625792836678e-16
LE,h60,2.3604716870594777,2.3604716870594777,19.576136311996827,19.576136311996827,0.1205790381431351,0.12057903814313511,2604,2604,True,True,1.1509287204083206e-16
LE,h120,2.367986684360785,2.3679866843607855,26.45893238242472,26.45893238242472,0.0894966830155896,0.08949668301558965,2602,2602,True,True,4.651944856569841e-16
LE,hF,2.3081841536356227,2.3081841536356227,32.04032992548736,32.04032992548736,0.0720399621041203,0.07203996210412035,2612,2612,True,True,7.705605279334655e-16
M2K,h60,3.9698604647662448,3.9698604647662448,88.46599488449961,88.46599488449961,0.0448744228779573,0.04487442287795732,3041,3041,True,True,4.63887452510214e-16
M2K,h120,4.053001168375392,4.053001168375392,122.79619307109694,122.79619307109694,0.0330059187260697,0.03300591872606973,3041,3041,True,True,8.409272241740743e-16
M2K,hF,4.178979170357607,4.178979170357607,166.71798426715324,166.71798426715324,0.025066157011958,0.025066157011958003,3041,3041,True,True,1.3841160215738247e-16
MCL,h60,3.209573487908792,3.209573487908792,55.09176379018343,55.09176379018343,0.0582586809188471,0.05825868091884712,2624,2624,True,True,2.3820978417183644e-16
MCL,h120,3.157539283750993,3.157539283750993,73.2970027701826,73.2970027701826,0.0430786957776599,0.04307869577765992,2623,2623,True,True,4.832245112331595e-16
MCL,hF,3.1691160589805563,3.1691160589805563,98.17242387412726,98.17242387412726,0.0322811226810888,0.032281122681088834,2617,2617,True,True,1.0747603130872865e-15
MGC,h60,4.1344551600623385,4.1344551600623385,47.477077327313054,47.477077327313054,0.0870831860933409,0.0870831860933409,2907,2907,True,True,0.0
MGC,h120,4.125473523082379,4.125473523082379,65.79078580734665,65.79078580734665,0.0627059469264113,0.06270594692641139,2906,2906,True,True,1.5492073625601286e-15
MGC,hF,4.133040422372948,4.1330404223729476,85.36940011359222,85.36940011359222,0.0484136050724678,0.04841360507246787,2885,2885,True,True,1.433252882845793e-15
MHG,h60,3.671744756053181,3.6717447560531804,29.743454339950297,29.743454339950297,0.1234471529126134,0.12344715291261345,2699,2699,True,True,3.372565704525811e-16
MHG,h120,3.6861284615393046,3.6861284615393046,39.83413584146492,39.83413584146492,0.092536925520605,0.09253692552060508,2679,2679,True,True,8.99821626647255e-16
MHG,hF,3.7086778079414113,3.7086778079414113,53.27930283682234,53.27930283682234,0.0696082270314219,0.06960822703142192,2363,2363,True,True,1.9936993656726628e-16
MNQ,h60,4.122294837804013,4.122294837804013,228.10794283472163,228.10794283472163,0.0180716847759697,0.018071684775969734,2620,2620,True,True,1.919824850291216e-15
MNQ,h120,4.138677056331619,4.138677056331619,322.55778204998205,322.55778204998205,0.0128308082664404,0.012830808266440487,2620,2620,True,True,6.75999297921881e-15
MNQ,hF,4.171478227413422,4.171478227413422,456.78903435614353,456.78903435614353,0.00913217681176,0.009132176811760012,2620,2620,True,True,1.3297009663895634e-15
MYM,h60,4.007386899105136,4.007386899105136,95.1651867416436,95.1651867416436,0.0421097991430886,0.042109799143088655,2939,2939,True,True,1.3182478273674856e-15
MYM,h120,4.107935013247983,4.107935013247983,136.1852125413435,136.1852125413435,0.0301643250143688,0.030164325014368824,2938,2938,True,True,8.051275356603061e-16
MYM,hF,4.277155721642395,4.277155721642395,190.67881449891053,190.67881449891055,0.0224312057576109,0.022431205757610963,2938,2938,True,True,2.7840699162583183e-15
NG,h60,1.7267288139069077,1.7267288139069077,52.54856329349754,52.548563293497544,0.0328596769480199,0.03285967694801993,2590,2590,True,True,8.44669765303381e-16
NG,h120,1.7116873528624854,1.7116873528624854,70.02684866127049,70.02684866127049,0.0244433011849805,0.02444330118498053,2590,2590,True,True,1.2774470326769571e-15
NG,hF,1.7672863885980978,1.7672863885980978,96.5091520540769,96.5091520540769,0.0183121118669433,0.018312111866943308,2473,2473,True,True,3.7892373934396904e-16
TN,h60,1.1744835805555285,1.1744835805555285,12.623840858056884,12.623840858056884,0.0930369444419873,0.09303694444198737,2320,2320,True,True,7.458213450070831e-16
TN,h120,1.1786044975152024,1.1786044975152024,17.55992976625851,17.55992976625851,0.0671189755997712,0.06711897559977129,2315,2315,True,True,1.2405839943595694e-15
TN,hF,1.1735357193867362,1.1735357193867362,27.86990532077195,27.86990532077195,0.0421076320812643,0.04210763208126432,2210,2210,True,True,4.943683765343816e-16
UB,h60,1.099060348260691,1.099060348260691,16.738978832441003,16.738978832441003,0.0656587453310267,0.06565874533102674,2508,2508,True,True,6.340871001043895e-16
UB,h120,1.1000808185828126,1.1000808185828126,23.156026848789818,23.156026848789818,0.0475073217770217,0.04750732177702174,2495,2495,True,True,7.302973146408162e-16
UB,hF,1.0979182569298662,1.0979182569298662,37.62946294387911,37.629462943879105,0.0291770907963079,0.029177090796307953,2467,2467,True,True,1.783649529784153e-15
ZB,h60,1.0894734222297775,1.0894734222297777,9.803958789183872,9.803958789183872,0.1111258671784432,0.1111258671784432,2292,2292,True,True,2.0380910666969948e-16
ZB,h120,1.091769165422955,1.091769165422955,13.61111886175545,13.61111886175545,0.0802115664782423,0.0802115664782423,2282,2282,True,True,0.0
ZB,hF,1.0893019378666116,1.0893019378666116,21.08353536221376,21.083535362213762,0.0516659999925285,0.05166599999252854,2221,2221,True,True,8.058174317629389e-16
ZC,h60,1.4256959487670924,1.4256959487670924,13.178120883151518,13.178120883151518,0.1081865890750685,0.10818658907506852,2792,2792,True,True,1.2827641509415678e-16
ZC,h120,1.4264620172063789,1.4264620172063787,17.85776474637229,17.85776474637229,0.0798790911105577,0.07987909111055777,2790,2790,True,True,8.686746190318259e-16
ZC,hF,1.427339981489764,1.427339981489764,21.606436854494472,21.606436854494472,0.0660608683931545,0.06606086839315457,2791,2791,True,True,1.0503788510031541e-15
ZF,h60,1.29754562120656,1.29754562120656,12.232410359894144,12.232410359894143,0.1060744025936838,0.10607440259368381,1897,1897,True,True,1.452172374158009e-16
ZF,h120,1.2992119475117854,1.2992119475117854,16.46207926968266,16.46207926968266,0.0789214974747737,0.07892149747477374,1898,1898,True,True,5.275288071764091e-16
ZF,hF,1.297742295224534,1.297742295224534,23.67257575904461,23.672575759044612,0.0548204939096542,0.05482049390965425,1871,1871,True,True,1.0125985242442689e-15
ZL,h60,2.18975259368861,2.1897525936886106,36.61742601156089,36.61742601156089,0.0598008334337115,0.059800833433711585,2784,2784,True,True,1.3924007754705756e-15
ZL,h120,2.198984770451593,2.1989847704515926,47.088464234324825,47.088464234324825,0.046699012299676,0.04669901229967609,2781,2781,True,True,1.931638728715032e-15
ZL,hF,2.2032561237780413,2.2032561237780413,56.06185416497521,56.06185416497521,0.0393004504862511,0.03930045048625115,2784,2784,True,True,1.2359211338898798e-15
ZM,h60,1.6122384620895729,1.6122384620895727,22.93610147620043,22.93610147620043,0.070292611138057,0.07029261113805703,2729,2729,True,True,3.9485765525363737e-16
ZM,h120,1.61483395410555,1.6148339541055499,31.089647148878843,31.089647148878843,0.0519412120173832,0.05194121201738323,2728,2728,True,True,5.34365189752213e-16
ZM,hF,1.6195504029293375,1.6195504029293377,38.15281644396856,38.152816443968554,0.0424490392552753,0.04244903925527539,2731,2731,True,True,2.1250332712673488e-15
ZN,h60,1.1677826083145404,1.1677826083145404,8.321467835983253,8.321467835983253,0.1403337285358331,0.14033372853583312,2890,2890,True,True,1.9778264217174095e-16
ZN,h120,1.1679880522329564,1.1679880522329564,11.461604131855948,11.461604131855948,0.1019044139717489,0.10190441397174892,2889,2889,True,True,1.3618436402236525e-16
ZN,hF,1.1677805708366675,1.1677805708366675,17.087870180890363,17.087870180890363,0.0683397379822451,0.06833973798224516,2859,2859,True,True,8.122821782793456e-16
ZS,h60,1.4736477992269377,1.4736477992269377,25.140770577247917,25.140770577247913,0.0586158564511372,0.05861585645113721,2852,2852,True,True,2.3675825362004433e-16
ZS,h120,1.4762109122698484,1.4762109122698484,34.582811517509484,34.582811517509484,0.0426862608183962,0.04268626081839627,2851,2851,True,True,1.6255567414133426e-15
ZS,hF,1.479367310933274,1.479367310933274,41.25106041794613,41.25106041794613,0.0358625280403623,0.035862528040362336,2849,2849,True,True,9.67429554338401e-16
ZT,h60,1.3011225612370516,1.3011225612370516,11.887763050934907,11.887763050934907,0.1094505800344603,0.10945058003446034,1154,1154,True,True,3.803850414528198e-16
ZT,h120,1.3036451614334694,1.3036451614334694,15.797283074401408,15.797283074401408,0.0825233779311046,0.0825233779311046,1151,1151,True,True,0.0
ZT,hF,1.30007477619429,1.3000747761942901,23.737687081103,23.737687081103,0.0547683846262026,0.05476838462620262,1106,1106,True,True,3.8008573475001566e-16
ZW,h60,1.4842223500018468,1.4842223500018468,20.93885884562632,20.938858845626317,0.0708836312878564,0.07088363128785642,2716,2716,True,True,3.915653742810425e-16
ZW,h120,1.4850330919754484,1.4850330919754484,27.496815006148317,27.496815006148314,0.054007458378121,0.054007458378121015,2715,2715,True,True,2.5696057960462166e-16
ZW,hF,1.482557422049814,1.4825574220498139,32.59385428808978,32.59385428808978,0.0454857964616832,0.04548579646168326,2719,2719,True,True,1.3729570545779557e-15
