test_id,my_mean,lead_mean,my_cost,lead_cost,my_t,lead_t,my_p,lead_p,my_n_trades,lead_n_trades,my_n_dates,lead_n_dates,my_n_obs,lead_n_obs,max_rel,counts_exact
gate0B_6A_h120,-1.129629629629641,-1.129629629629641,2.1815427712202595,2.1815427712202595,-1.45783564773056,-1.45783564773056,0.9271329548910672,0.9271329548910671,540,540,371,371,2702,2702,1.1974798423119383e-16,True
gate0B_6A_h60,0.7615526802218917,0.7615526802218917,2.191472991261711,2.191472991261711,0.2462855520344997,0.24628555203449973,0.4027967390755657,0.40279673907556574,541,541,383,383,2707,2707,1.37814301472892e-16,True
gate0B_6A_hF,1.4509394572025218,1.4509394572025218,2.1839262351696425,2.1839262351696425,-0.2014935558276609,-0.20149355582766093,0.5797717978613073,0.5797717978613073,479,479,286,286,2397,2397,1.3774919749477487e-16,True
gate0B_6B_h120,-0.5606060606060954,-0.5606060606060954,1.9283026485980013,1.9283026485980013,-0.1398357142328327,-0.13983571423283273,0.5555673649790775,0.5555673649790775,528,528,374,374,2640,2640,1.9848703006883232e-16,True
gate0B_6B_h60,0.0075187969924508,0.007518796992450858,1.91049225485976,1.91049225485976,0.1721185874667611,0.17211858746676112,0.4317193288622187,0.43171932886221875,532,532,370,370,2660,2660,7.729060447245857e-15,True
gate0B_6B_hF,-1.0569476082005262,-1.0569476082005262,1.9336413157183407,1.9336413157183412,-0.8324540398387565,-0.8324540398387565,0.7970516661398819,0.7970516661398819,439,439,268,268,2197,2197,2.2966472956494775e-16,True
gate0B_6C_h120,0.6365348399246711,0.6365348399246711,2.042647702356146,2.042647702356146,0.076144954689461,0.07614495468946103,0.4696727469563648,0.46967274695636485,531,531,366,366,2657,2657,3.645097134645806e-16,True
gate0B_6C_h60,1.1654135338346123,1.1654135338346125,2.038705446249169,2.038705446249169,0.5569544530118262,0.5569544530118262,0.2889449548758914,0.2889449548758914,532,532,377,377,2662,2662,1.9052859648405485e-16,True
gate0B_6C_hF,-0.4591194968554021,-0.45911949685540215,2.0537457368410066,2.0537457368410066,-0.4266629235840789,-0.4266629235840789,0.6650330206582538,0.6650330206582538,477,477,298,298,2389,2389,1.2090784994203992e-16,True
gate0B_6E_h120,-2.265546218487306,-2.265546218487306,1.9368250427273976,1.9368250427273976,-0.9667575069651548,-0.9667575069651548,0.8328803139718497,0.8328803139718497,595,595,408,408,2975,2975,0.0,True
gate0B_6E_h60,0.0858585858586846,0.08585858585868461,1.931150669210821,1.9311506692108211,-0.5111448561825298,-0.5111448561825298,0.6952402494327556,0.6952402494327556,594,594,419,419,2974,2974,1.6163541093788835e-16,True
gate0B_6E_hF,0.1265377855889675,0.12653778558896758,1.9832087496947772,1.9832087496947775,-0.399305219227529,-0.399305219227529,0.6550401204971814,0.6550401204971814,569,569,340,340,2847,2847,6.580384385527487e-16,True
gate0B_6J_h120,-0.3714285714285463,-0.3714285714285463,1.8962929108822089,1.8962929108822089,-0.4853704821498938,-0.48537048214989387,0.6861451830886305,0.6861451830886305,525,525,360,360,2629,2629,1.1436861793773993e-16,True
gate0B_6J_h60,0.603773584905629,0.603773584905629,1.898484872536311,1.898484872536311,-0.0687172300642309,-0.0687172300642309,0.5273742373418138,0.5273742373418138,530,530,374,374,2650,2650,0.0,True
gate0B_6J_hF,3.493877551020391,3.493877551020391,1.9436573984706,1.9436573984705996,1.3956307742034078,1.3956307742034078,0.0818907036971343,0.08189070369713433,490,490,325,325,2452,2452,3.3893438891770307e-16,True
gate0B_6N_h120,-0.4166666666665497,-0.4166666666665497,2.27304095214853,2.27304095214853,0.0704785297048696,0.0704785297048696,0.4719407469777523,0.47194074697775235,252,252,206,206,1262,1262,1.17623137198354e-16,True
gate0B_6N_h60,-2.0275590551181675,-2.0275590551181675,2.284690429971472,2.2846904299714716,-1.895145845216172,-1.8951458452161716,0.970270027759927,0.970270027759927,254,254,209,209,1274,1274,2.3432983322684967e-16,True
gate0B_6N_hF,2.4647058823529826,2.4647058823529826,2.2926406610750645,2.2926406610750645,0.0722611232540522,0.07226112325405222,0.4712513286720228,0.47125132867202285,170,170,134,134,850,850,1.9205054091151602e-16,True
gate0B_6S_h120,-1.236666666666582,-1.236666666666582,2.688475965773641,2.6884759657736406,-0.1046560356079801,-0.10465603560798019,0.541631553988561,0.541631553988561,300,300,239,239,1500,1500,7.956227881475144e-16,True
gate0B_6S_h60,-1.552631578947402,-1.552631578947402,2.689659611496583,2.689659611496583,-0.7777494146532421,-0.7777494146532421,0.7812753919605985,0.7812753919605985,304,304,252,252,1520,1520,0.0,True
gate0B_6S_hF,-8.420792079207885,-8.420792079207885,2.648165807870798,2.648165807870798,-1.7904167274534846,-1.7904167274534846,0.9622774638357466,0.9622774638357466,202,202,148,148,1013,1013,0.0,True
gate0B_HE_h120,2.2201257861635337,2.2201257861635337,1.8521415559602687,1.8521415559602687,0.603293524344608,0.603293524344608,0.2733620630199564,0.2733620630199564,477,477,334,334,2387,2387,0.0,True
gate0B_HE_h60,0.0167364016736606,0.016736401673660622,1.8707060743530863,1.8707060743530866,-1.1656322144058,-1.1656322144058,0.8777336280612207,0.8777336280612207,478,478,362,362,2392,2392,1.2437967322738506e-15,True
gate0B_HE_hF,2.792887029288718,2.792887029288718,1.800361441013889,1.800361441013889,0.4903512883622037,0.49035128836220376,0.3121261662169913,0.3121261662169913,478,478,294,294,2393,2393,1.1320690400685531e-16,True
gate0B_LE_h120,1.726923076923086,1.7269230769230859,2.365818697164052,2.3658186971640522,1.0721324796922749,1.0721324796922749,0.1421740905447348,0.1421740905447348,520,520,377,377,2602,2602,1.8771058423978137e-16,True
gate0B_LE_h60,0.4749999999999582,0.47499999999995823,2.360483163111909,2.360483163111909,-0.3664752443360924,-0.3664752443360924,0.6428946224870414,0.6428946224870414,520,520,388,388,2604,2604,1.1686558153950044e-16,True
gate0B_LE_hF,1.0785440613026986,1.0785440613026986,2.3083999511905264,2.3083999511905264,-0.1116677091954118,-0.11166770919541183,0.5444204245197263,0.5444204245197263,522,522,311,311,2612,2612,2.4855507304316874e-16,True
gate0B_M2K_h120,-8.485197368421067,-8.485197368421067,4.045153670605086,4.045153670605086,-2.5982711213440166,-2.5982711213440166,0.9951452316985776,0.9951452316985775,608,608,408,408,3041,3041,1.115639194422061e-16,True
gate0B_M2K_h60,1.1069078947368265,1.1069078947368265,3.981809458877145,3.981809458877145,-0.9630427666779282,-0.9630427666779282,0.8319552092019747,0.8319552092019747,608,608,414,414,3041,3041,0.0,True
gate0B_M2K_hF,-5.784539473684219,-5.784539473684219,4.181004532880466,4.181004532880466,-0.9265968195884928,-0.9265968195884927,0.8226340726119383,0.8226340726119383,608,608,376,376,3041,3041,1.1981727123974083e-16,True
gate0B_MCL_h120,1.5114503816794,1.5114503816794,3.1546477102545616,3.1546477102545616,0.354910244778122,0.354910244778122,0.3614346904236666,0.36143469042366666,524,524,353,353,2623,2623,1.5358556525437208e-16,True
gate0B_MCL_h60,0.0362595419847333,0.036259541984733364,3.2150664629856545,3.2150664629856545,-0.1244927860084102,-0.1244927860084102,0.5495021136033028,0.5495021136033028,524,524,355,355,2624,2624,1.7223065079382107e-15,True
gate0B_MCL_hF,-1.9369024856596888,-1.9369024856596888,3.167234061969633,3.1672340619696335,-0.6894481521478706,-0.6894481521478706,0.7544731372701556,0.7544731372701556,523,523,313,313,2617,2617,1.4021357473463558e-16,True
gate0B_MGC_h120,-0.9552495697074754,-0.9552495697074754,4.155488829436984,4.155488829436984,-0.6114769942393131,-0.6114769942393131,0.7293682727192561,0.7293682727192561,581,581,367,367,2906,2906,0.0,True
gate0B_MGC_h60,2.013769363166985,2.013769363166985,4.13208206489704,4.13208206489704,-0.4084079449014684,-0.4084079449014684,0.658398780152308,0.658398780152308,581,581,384,384,2907,2907,0.0,True
gate0B_MGC_hF,-0.0485268630849409,-0.048526863084940926,4.143114286446616,4.1431142864466155,-0.3084414507737266,-0.30844145077372664,0.6210303474151413,0.6210303474151413,577,577,334,334,2885,2885,5.719631117932729e-16,True
gate0B_MHG_h120,-1.4523364485981645,-1.4523364485981645,3.7089647186267984,3.7089647186267984,-1.1517982918032388,-1.1517982918032388,0.8749311231967216,0.8749311231967216,535,535,376,376,2679,2679,0.0,True
gate0B_MHG_h60,-1.2170686456400868,-1.2170686456400868,3.678801656782349,3.678801656782349,-2.171563243421756,-2.171563243421756,0.9847356832007468,0.9847356832007468,539,539,368,368,2699,2699,0.0,True
gate0B_MHG_hF,-3.0000000000000178,-3.0000000000000178,3.715665608735896,3.715665608735896,-1.407840257211783,-1.407840257211783,0.9199049307114058,0.9199049307114058,472,472,308,308,2363,2363,0.0,True
gate0B_MNQ_h120,-32.154580152671755,-32.154580152671755,4.128931240271176,4.128931240271176,-2.673577365878528,-2.673577365878528,0.9960654913913742,0.9960654913913742,524,524,339,339,2620,2620,0.0,True
gate0B_MNQ_h60,-0.9770992366412212,-0.9770992366412213,4.128452743691779,4.128452743691779,-0.9420760996492342,-0.9420760996492342,0.8265935625067564,0.8265935625067564,524,524,346,346,2620,2620,1.1362438767648086e-16,True
gate0B_MNQ_hF,-19.519083969465647,-19.519083969465647,4.168478848158802,4.168478848158802,-0.67585279378207,-0.67585279378207,0.750180195544106,0.750180195544106,524,524,310,310,2620,2620,0.0,True
gate0B_MYM_h120,-13.834752981260648,-13.834752981260648,4.1102231398136455,4.1102231398136455,-1.9195857206712252,-1.9195857206712255,0.9721893551605748,0.9721893551605749,587,587,401,401,2938,2938,1.1567319059207658e-16,True
gate0B_MYM_h60,3.54855195911414,3.54855195911414,4.026124961050605,4.026124961050605,-0.5961751094540104,-0.5961751094540104,0.7243005649681271,0.7243005649681271,587,587,397,397,2939,2939,0.0,True
gate0B_MYM_hF,-13.417376490630325,-13.417376490630323,4.305007419423083,4.305007419423083,-1.158339587644332,-1.158339587644332,0.8762575526390238,0.8762575526390238,587,587,365,365,2938,2938,1.323922631701304e-16,True
gate0B_NG_h120,2.924710424710402,2.924710424710402,1.7098007344958213,1.7098007344958213,0.6876362958229335,0.6876362958229335,0.2460809749552144,0.24608097495521442,518,518,333,333,2590,2590,1.1279041632812248e-16,True
gate0B_NG_h60,5.5694980694980805,5.5694980694980805,1.7128756307018145,1.7128756307018143,2.5143449337178385,2.5143449337178385,0.0062010357819135,0.00620103578191354,518,518,330,330,2590,2590,6.434189601653046e-15,True
gate0B_NG_hF,13.92105263157894,13.92105263157894,1.766139250550433,1.766139250550433,2.329878707167312,2.329878707167312,0.0102592099504793,0.010259209950479303,494,494,283,283,2473,2473,3.3817876509989196e-16,True
gate0B_TN_h120,0.1360691144708423,0.13606911447084233,1.178086622092308,1.1780866220923079,-0.2559112576983603,-0.2559112576983603,0.6009103545080918,0.6009103545080918,463,463,330,330,2315,2315,2.0398145254025695e-16,True
gate0B_TN_h60,1.1077586206896552,1.1077586206896552,1.1747810263055003,1.1747810263055003,0.9449685698247948,0.9449685698247948,0.1726973070413388,0.17269730704133884,464,464,318,318,2320,2320,3.2143611375462865e-16,True
gate0B_TN_hF,1.506787330316742,1.506787330316742,1.173721868425266,1.173721868425266,0.7170352945563957,0.7170352945563957,0.2369931092942759,0.23699310929427597,442,442,265,265,2210,2210,3.5134661549798003e-16,True
gate0B_UB_h120,-0.4488977955911823,-0.44889779559118237,1.0996534998569911,1.0996534998569911,-0.847019327952582,-0.847019327952582,0.801231072982307,0.801231072982307,499,499,367,367,2495,2495,1.2366100207320383e-16,True
gate0B_UB_h60,1.9281437125748504,1.9281437125748504,1.0995182035531623,1.0995182035531625,0.6516025349325,0.6516025349325,0.257550204848931,0.25755020484893104,501,501,339,339,2508,2508,2.155352633628015e-16,True
gate0B_UB_hF,-3.1156186612576064,-3.1156186612576064,1.0976493864196444,1.0976493864196444,-1.326391861846988,-1.3263918618469879,0.9071552880173424,0.9071552880173424,493,493,310,310,2467,2467,1.674049813724251e-16,True
gate0B_ZB_h120,-0.1381578947368421,-0.13815789473684212,1.0914760322093129,1.0914760322093127,-0.2036055425997384,-0.20360554259973848,0.5806082168530337,0.5806082168530337,456,456,341,341,2282,2282,4.089610026509843e-16,True
gate0B_ZB_h60,0.8864628820960698,0.8864628820960698,1.0896074215983211,1.0896074215983211,0.3598965985369036,0.3598965985369036,0.3595783927201744,0.3595783927201744,458,458,328,328,2292,2292,0.0,True
gate0B_ZB_hF,0.6441441441441441,0.6441441441441441,1.089216943888851,1.089216943888851,0.2865229165540429,0.28652291655404294,0.387342909773351,0.38734290977335106,444,444,286,286,2221,2221,1.9374070283410475e-16,True
gate0B_ZC_h120,0.7508960573476703,0.7508960573476703,1.4273703300733418,1.4273703300733418,0.4621079725483967,0.4621079725483967,0.3221311165515584,0.32213111655155846,558,558,390,390,2790,2790,1.723247099675111e-16,True
gate0B_ZC_h60,1.1379928315412189,1.1379928315412187,1.4267738587843617,1.4267738587843617,1.387739290994264,1.3877392909942639,0.083012685264915,0.08301268526491505,558,558,383,383,2792,2792,6.687068494906208e-16,True
gate0B_ZC_hF,0.6487455197132617,0.6487455197132617,1.4296436741444956,1.4296436741444956,0.6217943935623869,0.6217943935623869,0.267253199868302,0.26725319986830204,558,558,331,331,2791,2791,2.0770995916461544e-16,True
gate0B_ZF_h120,1.1134564643799472,1.1134564643799472,1.2991189945578925,1.2991189945578925,1.2271141310887417,1.2271141310887415,0.1104811817954562,0.1104811817954562,379,379,245,245,1898,1898,1.8094861700274366e-16,True
gate0B_ZF_h60,-0.0184696569920844,-0.018469656992084433,1.2976090196471308,1.2976090196471308,-0.9706446347630868,-0.9706446347630868,0.8336527991222972,0.8336527991222972,379,379,243,243,1897,1897,1.6906119361591111e-15,True
gate0B_ZF_hF,0.962566844919786,0.9625668449197861,1.2977788749709007,1.2977788749709007,1.1769326189300475,1.1769326189300477,0.1202741784988928,0.12027417849889287,374,374,212,212,1871,1871,5.769229929906444e-16,True
gate0B_ZL_h120,1.1690647482014611,1.1690647482014613,2.201245019727311,2.201245019727311,-1.1347565509031978,-1.1347565509031978,0.8714128581689435,0.8714128581689435,556,556,391,391,2781,2781,1.8993353898202314e-16,True
gate0B_ZL_h60,-0.5323741007194157,-0.5323741007194157,2.197279411515097,2.197279411515097,-1.114843561312468,-1.1148435613124679,0.8672065837487559,0.8672065837487559,556,556,401,401,2784,2784,1.9917108788216494e-16,True
gate0B_ZL_hF,0.008992805755378,0.008992805755378098,2.214498678308688,2.2144986783086877,-0.3142844946337256,-0.3142844946337256,0.6232519771453475,0.6232519771453475,556,556,344,344,2784,2784,1.0995371280152895e-14,True
gate0B_ZM_h120,0.8972477064220176,0.8972477064220176,1.615295522838622,1.6152955228386219,-0.1578324612379251,-0.1578324612379251,0.5626647476696824,0.5626647476696824,545,545,391,391,2728,2728,1.374637654754491e-16,True
gate0B_ZM_h60,0.4275229357798334,0.4275229357798334,1.6154187749845863,1.6154187749845865,-1.0909858902404852,-1.0909858902404852,0.8620337211167508,0.8620337211167508,545,545,403,403,2729,2729,1.3745327735660986e-16,True
gate0B_ZM_hF,0.8443223443223564,0.8443223443223564,1.6218276997707737,1.6218276997707735,0.2136798316474518,0.21367983164745186,0.4154645493125362,0.41546454931253624,546,546,330,330,2731,2731,2.597865732262701e-16,True
gate0B_ZN_h120,0.2599653379549393,0.25996533795493937,1.1679714412096394,1.1679714412096394,-0.2100878634148313,-0.21008786341483138,0.5831447394224099,0.5831447394224099,577,577,385,385,2889,2889,3.963423945269579e-16,True
gate0B_ZN_h60,0.8944636678200693,0.8944636678200693,1.1677895244063048,1.1677895244063048,0.8464859891451505,0.8464859891451505,0.198915899264428,0.19891589926442801,578,578,369,369,2890,2890,1.3953422385172014e-16,True
gate0B_ZN_hF,1.0385288966725044,1.0385288966725044,1.1677786394890357,1.1677786394890357,1.4148682350945798,1.4148682350945798,0.0790352241491248,0.0790352241491248,571,571,324,324,2859,2859,0.0,True
gate0B_ZS_h120,0.5596491228070175,0.5596491228070175,1.4760632892161627,1.4760632892161627,-0.7174697193099201,-0.7174697193099201,0.763254057692144,0.763254057692144,570,570,412,412,2851,2851,0.0,True
gate0B_ZS_h60,1.5,1.5,1.4754429717004265,1.4754429717004265,0.001027999571078,0.0010279995710780294,0.4995901293193361,0.49959012931933616,570,570,425,425,2852,2852,2.868707334253088e-14,True
gate0B_ZS_hF,2.667838312829525,2.6678383128295255,1.4828277873927789,1.4828277873927787,0.6105584857455553,0.6105584857455553,0.2709385845940024,0.2709385845940024,569,569,361,361,2849,2849,1.664603164721249e-16,True
gate0B_ZT_h120,0.5739130434782609,0.5739130434782609,1.303580987130112,1.303580987130112,0.0315449277567915,0.0315449277567915,0.4874385891188005,0.4874385891188005,230,230,150,150,1151,1151,0.0,True
gate0B_ZT_h60,1.126086956521739,1.126086956521739,1.3013991833302412,1.3013991833302412,1.0051499576114649,1.0051499576114649,0.1582612275738152,0.15826122757381522,230,230,144,144,1154,1154,1.7537824040119575e-16,True
gate0B_ZT_hF,1.97737556561086,1.9773755656108598,1.3000956290373191,1.3000956290373193,0.9643634028505836,0.9643634028505835,0.1683482325966065,0.1683482325966065,221,221,128,128,1106,1106,1.7079097872934815e-16,True
gate0B_ZW_h120,-1.3388581952117864,-1.3388581952117864,1.4865043392720132,1.4865043392720132,-1.237188075079373,-1.2371880750793727,0.8916229403942447,0.8916229403942447,543,543,395,395,2715,2715,1.794752223996225e-16,True
gate0B_ZW_h60,0.4585635359116022,0.4585635359116022,1.486859597324266,1.486859597324266,-0.5822272973059124,-0.5822272973059124,0.719630012510452,0.719630012510452,543,543,403,403,2716,2716,0.0,True
gate0B_ZW_hF,0.8066298342541437,0.8066298342541437,1.4861799439457175,1.4861799439457175,-0.7137418346221402,-0.7137418346221402,0.762049674669803,0.762049674669803,543,543,325,325,2719,2719,0.0,True
