root,horizon,n_rows,c_ticks,c_ticks_avg_sides,sigma_ticks,ratio,ratio_avg_sides,admissible,admissible_avg_sides
6A,h60,2707,2.189843006329447,2.189843006329447,24.49826432962154,0.08938767975009748,0.08938767975009748,True,True
6A,h120,2702,2.1779481243123895,2.1779481243123895,35.05910734595116,0.062122178491915085,0.062122178491915085,True,True
6A,hF,2397,2.182470666705267,2.182470666705267,49.84351092638885,0.04378645537085937,0.04378645537085937,True,True
6B,h60,2660,1.9100472344821147,1.9100472344821147,19.91572005465515,0.09590651150148374,0.09590651150148374,True,True
6B,h120,2640,1.9273618381486004,1.9273618381486004,27.73283735483067,0.06949746300707602,0.06949746300707602,True,True
6B,hF,2197,1.9341298434888312,1.9341298434888312,39.73754767957772,0.048672602020754206,0.048672602020754206,True,True
6C,h60,2662,2.0353260450447426,2.0353260450447426,18.945706483544967,0.10742940870600402,0.10742940870600402,True,True
6C,h120,2657,2.0404276826791476,2.0404276826791476,27.476844551587458,0.07425989832450623,0.07425989832450623,True,True
6C,hF,2389,2.052052221374845,2.052052221374845,39.020785751244496,0.05258869553413333,0.05258869553413333,True,True
6E,h60,2974,1.9278116753371901,1.9278116753371901,27.65787559024787,0.06970208789343654,0.06970208789343654,True,True
6E,h120,2975,1.9321262808105988,1.9321262808105988,38.12755722120249,0.05067532308983477,0.05067532308983477,True,True
6E,hF,2847,1.980307985057706,1.980307985057706,51.86851782480593,0.03817938256393807,0.03817938256393807,True,True
6J,h60,2650,1.8960822389420318,1.8960822389420318,20.414367308019546,0.0928797944277792,0.0928797944277792,True,True
6J,h120,2629,1.895986451377042,1.895986451377042,28.502290044261255,0.06652049531573644,0.06652049531573644,True,True
6J,hF,2452,1.9431560131634826,1.9431560131634826,40.2614408096516,0.048263449446589675,0.048263449446589675,True,True
6N,h60,1274,2.2829838415164643,2.2829838415164643,22.579174865376704,0.10111015372033064,0.10111015372033064,True,True
6N,h120,1262,2.2668582412530762,2.2668582412530762,34.10951290095431,0.06645824136613968,0.06645824136613968,True,True
6N,hF,850,2.290396644463172,2.290396644463172,51.70509124726735,0.04429731365350257,0.04429731365350257,True,True
6S,h60,1520,2.6831705863619875,2.6831705863619875,30.453199037320633,0.08810800412376188,0.08810800412376188,True,True
6S,h120,1500,2.678875905620415,2.678875905620415,42.54950030240061,0.0629590450318232,0.0629590450318232,True,True
6S,hF,1013,2.6431174212191535,2.6431174212191535,59.74962479926671,0.04423655261600223,0.04423655261600223,True,True
HE,h60,2392,1.872751961746625,1.872751961746625,23.887554356403225,0.07839864784000464,0.07839864784000464,True,True
HE,h120,2387,1.8536002259977034,1.8536002259977034,31.89132612030431,0.058122394127021526,0.058122394127021526,True,True
HE,hF,2393,1.7972241816572845,1.7972241816572845,38.201153831033075,0.04704633241201453,0.04704633241201453,True,True
LE,h60,2604,2.3604716870594777,2.3604716870594777,19.576136311996827,0.12057903814313511,0.12057903814313511,True,True
LE,h120,2602,2.3679866843607855,2.3679866843607855,26.45893238242472,0.08949668301558965,0.08949668301558965,True,True
LE,hF,2612,2.3081841536356227,2.3081841536356227,32.04032992548736,0.07203996210412035,0.07203996210412035,True,True
M2K,h60,3041,3.9698604647662448,3.9698604647662448,88.46599488449961,0.04487442287795732,0.04487442287795732,True,True
M2K,h120,3041,4.053001168375392,4.053001168375392,122.79619307109694,0.03300591872606973,0.03300591872606973,True,True
M2K,hF,3041,4.178979170357607,4.178979170357607,166.71798426715324,0.025066157011958003,0.025066157011958003,True,True
MCL,h60,2624,3.209573487908792,3.209573487908792,55.09176379018343,0.05825868091884712,0.05825868091884712,True,True
MCL,h120,2623,3.157539283750993,3.157539283750993,73.2970027701826,0.04307869577765992,0.04307869577765992,True,True
MCL,hF,2617,3.1691160589805563,3.1691160589805563,98.17242387412726,0.032281122681088834,0.032281122681088834,True,True
MGC,h60,2907,4.1344551600623385,4.1344551600623385,47.477077327313054,0.0870831860933409,0.0870831860933409,True,True
MGC,h120,2906,4.125473523082379,4.125473523082379,65.79078580734665,0.06270594692641139,0.06270594692641139,True,True
MGC,hF,2885,4.1330404223729476,4.1330404223729476,85.36940011359222,0.04841360507246787,0.04841360507246787,True,True
MHG,h60,2699,3.6717447560531804,3.6717447560531804,29.743454339950297,0.12344715291261345,0.12344715291261345,True,True
MHG,h120,2679,3.6861284615393046,3.6861284615393046,39.83413584146492,0.09253692552060508,0.09253692552060508,True,True
MHG,hF,2363,3.7086778079414113,3.7086778079414113,53.27930283682234,0.06960822703142192,0.06960822703142192,True,True
MNQ,h60,2620,4.122294837804013,4.122294837804013,228.10794283472163,0.018071684775969734,0.018071684775969734,True,True
MNQ,h120,2620,4.138677056331619,4.138677056331619,322.55778204998205,0.012830808266440487,0.012830808266440487,True,True
MNQ,hF,2620,4.171478227413422,4.171478227413422,456.78903435614353,0.009132176811760012,0.009132176811760012,True,True
MYM,h60,2939,4.007386899105136,4.007386899105136,95.1651867416436,0.042109799143088655,0.042109799143088655,True,True
MYM,h120,2938,4.107935013247983,4.107935013247983,136.1852125413435,0.030164325014368824,0.030164325014368824,True,True
MYM,hF,2938,4.277155721642395,4.277155721642395,190.67881449891055,0.022431205757610963,0.022431205757610963,True,True
NG,h60,2590,1.7267288139069077,1.7267288139069077,52.548563293497544,0.03285967694801993,0.03285967694801993,True,True
NG,h120,2590,1.7116873528624854,1.7116873528624854,70.02684866127049,0.02444330118498053,0.02444330118498053,True,True
NG,hF,2473,1.7672863885980978,1.7672863885980978,96.5091520540769,0.018312111866943308,0.018312111866943308,True,True
TN,h60,2320,1.1744835805555285,1.1744835805555285,12.623840858056884,0.09303694444198737,0.09303694444198737,True,True
TN,h120,2315,1.1786044975152024,1.1786044975152024,17.55992976625851,0.06711897559977129,0.06711897559977129,True,True
TN,hF,2210,1.1735357193867362,1.1735357193867362,27.86990532077195,0.04210763208126432,0.04210763208126432,True,True
UB,h60,2508,1.099060348260691,1.099060348260691,16.738978832441003,0.06565874533102674,0.06565874533102674,True,True
UB,h120,2495,1.1000808185828126,1.1000808185828126,23.156026848789818,0.04750732177702174,0.04750732177702174,True,True
UB,hF,2467,1.0979182569298662,1.0979182569298662,37.629462943879105,0.029177090796307953,0.029177090796307953,True,True
ZB,h60,2292,1.0894734222297777,1.0894734222297777,9.803958789183872,0.1111258671784432,0.1111258671784432,True,True
ZB,h120,2282,1.091769165422955,1.091769165422955,13.61111886175545,0.0802115664782423,0.0802115664782423,True,True
ZB,hF,2221,1.0893019378666116,1.0893019378666116,21.083535362213762,0.05166599999252854,0.05166599999252854,True,True
ZC,h60,2792,1.4256959487670924,1.4256959487670924,13.178120883151518,0.10818658907506852,0.10818658907506852,True,True
ZC,h120,2790,1.4264620172063787,1.4264620172063787,17.85776474637229,0.07987909111055777,0.07987909111055777,True,True
ZC,hF,2791,1.427339981489764,1.427339981489764,21.606436854494472,0.06606086839315457,0.06606086839315457,True,True
ZF,h60,1897,1.29754562120656,1.29754562120656,12.232410359894143,0.10607440259368381,0.10607440259368381,True,True
ZF,h120,1898,1.2992119475117854,1.2992119475117854,16.46207926968266,0.07892149747477374,0.07892149747477374,True,True
ZF,hF,1871,1.297742295224534,1.297742295224534,23.672575759044612,0.05482049390965425,0.05482049390965425,True,True
ZL,h60,2784,2.1897525936886106,2.1897525936886106,36.61742601156089,0.059800833433711585,0.059800833433711585,True,True
ZL,h120,2781,2.1989847704515926,2.1989847704515926,47.088464234324825,0.04669901229967609,0.04669901229967609,True,True
ZL,hF,2784,2.2032561237780413,2.2032561237780413,56.06185416497521,0.03930045048625115,0.03930045048625115,True,True
ZM,h60,2729,1.6122384620895727,1.6122384620895727,22.93610147620043,0.07029261113805703,0.07029261113805703,True,True
ZM,h120,2728,1.6148339541055499,1.6148339541055499,31.089647148878843,0.05194121201738323,0.05194121201738323,True,True
ZM,hF,2731,1.6195504029293377,1.6195504029293377,38.152816443968554,0.04244903925527539,0.04244903925527539,True,True
ZN,h60,2890,1.1677826083145404,1.1677826083145404,8.321467835983253,0.14033372853583312,0.14033372853583312,True,True
ZN,h120,2889,1.1679880522329564,1.1679880522329564,11.461604131855948,0.10190441397174892,0.10190441397174892,True,True
ZN,hF,2859,1.1677805708366675,1.1677805708366675,17.087870180890363,0.06833973798224516,0.06833973798224516,True,True
ZS,h60,2852,1.4736477992269377,1.4736477992269377,25.140770577247913,0.05861585645113721,0.05861585645113721,True,True
ZS,h120,2851,1.4762109122698484,1.4762109122698484,34.582811517509484,0.04268626081839627,0.04268626081839627,True,True
ZS,hF,2849,1.479367310933274,1.479367310933274,41.25106041794613,0.035862528040362336,0.035862528040362336,True,True
ZT,h60,1154,1.3011225612370516,1.3011225612370516,11.887763050934907,0.10945058003446034,0.10945058003446034,True,True
ZT,h120,1151,1.3036451614334694,1.3036451614334694,15.797283074401408,0.0825233779311046,0.0825233779311046,True,True
ZT,hF,1106,1.3000747761942901,1.3000747761942901,23.737687081103,0.05476838462620262,0.05476838462620262,True,True
ZW,h60,2716,1.4842223500018468,1.4842223500018468,20.938858845626317,0.07088363128785642,0.07088363128785642,True,True
ZW,h120,2715,1.4850330919754484,1.4850330919754484,27.496815006148314,0.054007458378121015,0.054007458378121015,True,True
ZW,hF,2719,1.4825574220498139,1.4825574220498139,32.59385428808978,0.04548579646168326,0.04548579646168326,True,True
