test_id,signal,horizon,n_dates,n_obs,mean_m_d,t,p_two_sided,ic_spearman,gross_ticks_sign,n_nonzero_z,seeded_choice
gate0A_cp1_ret_h60,cp1_ret,h60,1068,67797,-0.0002458410225655479,-0.03376922564282705,0.9730674921911826,0.0046317588834760655,-0.08307152233874592,67797,False
gate0A_cp2_range_h60,cp2_range,h60,1068,67797,-0.004272656188371489,-0.7105178725924767,0.4775383183665973,0.004793109856324778,-0.046403233181412505,67797,False
gate0A_cp2_brk_h60,cp2_brk,h60,1068,67797,0.00465518285308174,1.2558153325115722,0.20945784876876303,0.011236788482626103,0.5194134655101246,67788,False
gate0A_cp3_clv_h60,cp3_clv,h60,1068,67797,-0.006877960654646845,-1.949945220585644,0.05144427205066421,-0.007897944432869817,-0.3909317521424241,67797,False
gate0A_k1_vwap_dist_h60,k1_vwap_dist,h60,1068,67797,-0.0005971489260848476,-0.912122939617825,0.3619100346140546,0.0021760176701387485,-0.05343511450381679,2620,False
gate0A_k1_vxn_regime_h60,k1_vxn_regime,h60,1068,67797,0.00026674613724501174,0.36431994985081556,0.7156912890977664,-0.00653846628816377,-2.8916896415911775,2539,False
gate0A_k1_vxn_band_h60,k1_vxn_band,h60,1068,67797,0.0002583479740081221,0.6446812387568251,0.5192723512668486,0.00037709769433035304,-1.4233950374163056,2539,False
gate0A_k2_auction_mto_h60,k2_auction_mto,h60,1068,67797,1.699877394044981e-05,0.06044401096823909,0.9518133260355784,-0.002124326435017278,0.225,480,False
gate0A_k2_auction_msince_h60,k2_auction_msince,h60,1068,67797,7.944324105871417e-06,0.5043735392096015,0.614103044095324,0.00041664688958423354,0.6666666666666666,18,False
gate0A_k2_fomc_mto_h60,k2_fomc_mto,h60,1068,67797,9.2864500775033e-05,0.18499591559445583,0.8532673958940848,0.003781024085904028,-1.4886363636363635,264,False
gate0A_k2_monthend_msince_h60,k2_monthend_msince,h60,1068,67797,-0.00017002193283066204,-0.43587781729886393,0.6630135477759449,0.00039598553826369567,-0.9706959706959707,546,False
gate0A_k2_predrift_move_h60,k2_predrift_move,h60,1068,67797,0.00011239851997323086,1.4016301475380053,0.16131653150435757,0.00442512093085925,0.4036144578313253,166,False
gate0A_k3_ldnmom_trend_h60,k3_ldnmom_trend,h60,1068,67797,0.0003628691682660741,0.5824082615439191,0.5604147630731078,0.00432481610207905,0.5287591240876006,3425,False
gate0A_k3_ldnrev_move_h60,k3_ldnrev_move,h60,1068,67797,-6.189250282282528e-05,-0.3346851182488729,0.737928406977063,0.0036018110332342312,1.241706161137524,211,False
gate0A_k3_mehedge_req_h60,k3_mehedge_req,h60,1068,67797,-0.00023191823782747054,-1.8147962484083886,0.06983591811816998,-0.0014079119289390413,-1.1240310077519868,129,False
gate0A_k3_ecbfix_mto_h60,k3_ecbfix_mto,h60,1068,67797,0.0,,1.0,,,0,False
gate0A_k3_ecbfix_msince_h60,k3_ecbfix_msince,h60,1068,67797,0.00045347393328637616,1.0476772941309307,0.29502456978853897,0.006073318817056211,0.7529371112647038,2894,False
gate0A_k3_tkypost_msince_h60,k3_tkypost_msince,h60,1068,67797,0.00023941934924309562,0.6090304355459351,0.54263390932407,0.003689037740136334,0.5217216411906516,2486,False
gate0A_k3_tkypre_msince_h60,k3_tkypre_msince,h60,1068,67797,-4.422848203978079e-06,-0.024795893500754108,0.9802224029323071,0.004091244330036148,0.3389199255121365,537,False
gate0A_k4_apipre_ret_h60,k4_apipre_ret,h60,1068,67797,-1.0083676882856067e-05,-0.06934784722146714,0.9447257346234526,0.003932454148024051,1.733059548254615,487,False
gate0A_k4_eiafade_move_h60,k4_eiafade_move,h60,1068,67797,9.098999376003541e-05,0.7652999027002172,0.44426222142533406,0.0014295912333896976,2.4251336898395763,374,False
gate0A_k4_eiamom_r3_h60,k4_eiamom_r3,h60,1068,67797,3.3804199010191156e-05,0.18603884435259058,0.8524496609534956,0.0010358061739105355,1.636645962732953,322,False
gate0A_k4_ngpre_mto_h60,k4_ngpre_mto,h60,1068,67797,-1.6461131440222388e-05,-0.21022970429720364,0.8335285336405763,-0.0022302151317510903,-1.5041322314050094,121,False
gate0A_k4_ngpre_msince_h60,k4_ngpre_msince,h60,1068,67797,-0.00011139789373087254,-0.8181807386524373,0.4134366674265879,0.0003364078738765229,-4.322289156626507,332,False
gate0A_k4_ovr_ret_h60,k4_ovr_ret,h60,1068,67797,-5.207225767502078e-05,-0.10996470695916005,0.912458043050541,-0.002377332653177449,0.3507355062013327,3467,False
gate0A_k4_ovr_pct_h60,k4_ovr_pct,h60,1068,67797,0.00010984590882863143,0.23726121441071124,0.8124996954543269,-0.0022842053458551103,0.4216902220940377,3467,False
gate0A_k5_ovr_ret_h60,k5_ovr_ret,h60,1068,67797,0.0001350400389670024,0.22002097779589955,0.8258969038737564,-0.00202104216971479,0.4267621145374466,3632,False
gate0A_k5_ovr_pct_h60,k5_ovr_pct,h60,1068,67797,0.0003126909694171987,0.5985263278177836,0.5496158295537605,-0.0030286892031839885,0.26156387665197983,3632,True
gate0A_k5_pmfix_move_h60,k5_pmfix_move,h60,1068,67797,-4.646609225004154e-05,-0.15862142837627122,0.8739971612253767,0.0004988934780541383,-0.28540772532188136,1864,False
gate0A_k5_preauc_msince_h60,k5_preauc_msince,h60,1068,67797,0.00014554992600481124,0.3213719686078969,0.7479914632503518,0.005316093648602517,0.7195207892882561,2838,False
gate0A_k6_crushgap_gap_h60,k6_crushgap_gap,h60,1068,67797,-0.0003487990347371341,-0.6231830215936522,0.5332974350297579,0.0004597975411583521,-0.12436647173489279,2565,False
gate0A_k6_limitcont_dir_h60,k6_limitcont_dir,h60,1068,67797,0.0004888728900922845,1.1117619168764858,0.2664909662938738,0.010575186413730535,21.176470588235276,17,False
gate0A_k6_wasdepre_drift_h60,k6_wasdepre_drift,h60,1068,67797,7.134067561204716e-06,0.037507749864877114,0.9700871770164187,-7.135524793264993e-05,3.168421052631579,95,False
gate0A_k7_expiry_mto_h60,k7_expiry_mto,h60,1068,67797,0.0,,1.0,,,0,False
gate0A_k7_expiry_msince_h60,k7_expiry_msince,h60,1068,67797,0.0,,1.0,,,0,False
gate0A_k7_montrend_ret_h60,k7_montrend_ret,h60,1068,67797,0.0,,1.0,,,0,False
gate0A_k7_rev2h_ret_h60,k7_rev2h_ret,h60,1068,67797,0.0,,1.0,,,0,False
gate0A_k8_oilcad_ret_h60,k8_oilcad_ret,h60,1068,67797,0.00018304443620553,0.7390026657069383,0.46006790969617106,0.0005827730599254976,-0.07808219178082243,1460,False
gate0A_k8_oilcad_z_h60,k8_oilcad_z,h60,1068,67797,3.278527902844617e-05,0.1385574571313451,0.8898260079386611,-0.00037905535440493324,-0.26712328767122173,1460,False
gate0A_k8_wkndbtc_move_h60,k8_wkndbtc_move,h60,1068,67797,0.0,,1.0,,,0,False
gate0A_k9_anncday_h60,k9_anncday,h60,1068,67797,0.0005906143221062029,1.3067994248768733,0.19156241601882956,0.016806549737678707,5.279646017699144,1695,False
gate0A_g01_ret30_h60,g01_ret30,h60,1068,67797,-0.0011128673249536003,-0.20233091163760258,0.8396966066725571,0.0029023402955664617,0.3521541212810911,61510,False
gate0A_g02_ret60_h60,g02_ret60,h60,1068,67797,0.003349811439043913,0.7095819031509365,0.4781184732286721,0.006043666565590652,0.39296049422857926,61510,False
gate0A_g03_ret120_h60,g03_ret120,h60,1068,67797,0.00704060208726083,1.6425782350921418,0.10076487248979356,0.00851127865768533,0.08027030652625873,59636,False
gate0A_g04_ret_day_h60,g04_ret_day,h60,1068,67797,0.00365156734055224,0.6234339638193676,0.5331326249674053,0.008135556302452569,-0.012979925365424534,67797,False
gate0A_g05_gap_h60,g05_gap,h60,1068,67797,-0.002983416804621464,-0.4058070853000388,0.6849657146427703,0.001152476269346162,0.06705263157895064,66500,False
gate0A_g06_rv60_h60,g06_rv60,h60,1068,67797,-0.005304903044646243,-0.8121488370436053,0.416887382470482,-0.004248572210032277,-0.10342640529816874,67797,False
gate0A_g07_range_h60,g07_range,h60,1068,67797,-0.013722899662271327,-2.024274136235666,0.04319070930706112,-0.00638449281803563,-0.23281266132720219,67797,False
gate0A_g08_prev_ret_h60,g08_prev_ret,h60,1068,67797,-0.006240282420743129,-1.5694264209266997,0.11684509675212724,-0.006827157477441619,-0.2811333834830417,67797,False
gate0A_g09_vol_state_h60,g09_vol_state,h60,1068,67797,-0.004575230555240214,-0.8346024454369962,0.40412840330365374,0.004440052571811329,-0.056391421069713774,67794,False
gate0A_g10_logvol30_h60,g10_logvol30,h60,1068,67797,-0.000269552116089496,-0.06441512557335509,0.9486517521949346,-0.0015964976364416814,0.20655781229257927,67797,False
gate0A_g11_t_index_h60,g11_t_index,h60,1068,67797,-0.005848958393874959,-0.7064418298488299,0.4800676437229082,0.004602922458426337,-0.018407894154608678,67797,False
gate0A_g12_dow_h60,g12_dow,h60,1068,67797,-0.0044818124120232575,-0.40400080018161066,0.6862930884679276,0.009814908199245763,-0.0724272330687249,55932,False
gate0A_g13_min_to_rel_h60,g13_min_to_rel,h60,1068,67797,-0.006326192340317746,-1.732428776567027,0.0834862142784425,-0.005992854473845106,-0.39246574332197537,67797,False
gate0A_g14_min_since_rel_h60,g14_min_since_rel,h60,1068,67797,-0.00477504280739399,-1.2024858101706442,0.22944213777420294,-0.013905810213961199,-0.4975146392908282,67797,False
gate0A_g15_rel_day_h60,g15_rel_day,h60,1068,67797,0.001985019805750152,0.9635693266011608,0.3354802133191051,0.008827896360409423,1.237047192957135,13858,False
gate0A_g16_month_end_h60,g16_month_end,h60,1068,67797,0.0009944798767970678,0.6574918725014465,0.5110065007436797,0.00901642660167673,-0.2074373484236156,6185,False
gate0A_g17_nq_h60,g17_nq,h60,1068,67797,0.002192751612920897,0.3966633877753319,0.6916950208489041,-0.0019136959649191465,0.03410699122559322,56528,False
gate0A_g17_zn_h60,g17_zn,h60,1068,67797,-0.004919499902439982,-1.0613051190287073,0.288791420364493,0.0005345644445786759,0.2746798369034604,52239,False
gate0A_g17_6e_h60,g17_6e,h60,1068,67797,-0.004179484690980446,-1.1011317525230595,0.2710876554873145,-0.005789233073759684,-0.11464268272830946,49144,False
gate0A_g17_cl_h60,g17_cl,h60,1068,67797,-2.7842287936218707e-05,-0.005671292571658741,0.9954760475909116,-0.0035336155841220332,-0.39532398621883735,54277,False
gate0A_g17_gc_h60,g17_gc,h60,1068,67797,-0.009111073027670485,-1.547003576018232,0.1221589129820284,-0.0017498170284733895,-0.5979706684856767,58640,False
gate0A_g17_zc_h60,g17_zc,h60,1068,67797,3.6831967607040445e-05,0.00915924614073538,0.9926937932482451,-0.0015422841400170478,-0.4877173794159477,45715,False
gate0A_g17_mbt_h60,g17_mbt,h60,1068,67797,0.0011704558710068614,1.695411235484175,0.09028918379642815,0.002557355874808941,0.2896126760563099,2272,False
gate0A_cp1_ret_h120,cp1_ret,h120,1068,67646,0.0023607002123032872,0.2555373982829925,0.798357312759217,0.0056054636561315265,-0.3155397214912925,67646,False
gate0A_cp2_range_h120,cp2_range,h120,1068,67646,0.0025010973978035187,0.31002428933798803,0.7566030254084489,0.008497371978746953,0.026830854743811444,67646,False
gate0A_cp2_brk_h120,cp2_brk,h120,1068,67646,0.005326717576829686,0.8654434967354373,0.38698995611169784,0.01798203341790707,1.080414565991991,67637,False
gate0A_cp3_clv_h120,cp3_clv,h120,1068,67646,-0.009966087174077197,-1.9246020391649792,0.054544822913961725,-0.009585287967117098,-0.6967891671347928,67646,False
gate0A_k1_vwap_dist_h120,k1_vwap_dist,h120,1068,67646,0.00023548211492389472,0.2589958334293763,0.7956884110223537,0.008848968399956053,13.177480916030534,2620,False
gate0A_k1_vxn_regime_h120,k1_vxn_regime,h120,1068,67646,0.0005758927298523736,0.3352259855399397,0.7375205155428177,-0.007052464306143935,-6.135880267821977,2539,False
gate0A_k1_vxn_band_h120,k1_vxn_band,h120,1068,67646,0.0011531300936127706,1.8633888279715798,0.06268214125661233,0.006544995994850114,9.179598267034265,2539,False
gate0A_k2_auction_mto_h120,k2_auction_mto,h120,1068,67646,-0.000990086917946167,-1.861935867408218,0.06288688695135952,-0.009836118472353182,-1.2301255230125523,478,True
gate0A_k2_auction_msince_h120,k2_auction_msince,h120,1068,67646,4.168817454066196e-05,1.4792448066549977,0.13937005799759636,0.0006879677262871401,0.3888888888888889,18,False
gate0A_k2_fomc_mto_h120,k2_fomc_mto,h120,1068,67646,-8.45384184416779e-05,-0.14523769844861584,0.8845506325908956,0.001079964845926374,-1.7424242424242424,264,False
gate0A_k2_monthend_msince_h120,k2_monthend_msince,h120,1068,67646,-0.0008389672013068171,-1.7166815336644226,0.08632759935299666,-0.013709318948185483,-2.9025735294117645,544,False
gate0A_k2_predrift_move_h120,k2_predrift_move,h120,1068,67646,-9.854376281747414e-05,-0.6414081518230267,0.5213952887171045,0.00031379981680373844,-0.2545454545454545,165,False
gate0A_k3_ldnmom_trend_h120,k3_ldnmom_trend,h120,1068,67646,0.0005945473460144267,0.7548047159002393,0.45053272671769007,0.0008783739856101797,0.10223266745005648,3404,False
gate0A_k3_ldnrev_move_h120,k3_ldnrev_move,h120,1068,67646,-0.00011492197031197425,-0.36059112297014884,0.7184764983170866,0.0008324863213697033,0.3301435406697141,209,False
gate0A_k3_mehedge_req_h120,k3_mehedge_req,h120,1068,67646,-0.0004613613014435062,-1.8849621222247472,0.059706518295109874,-0.0037754717862124197,-3.9069767441860943,129,False
gate0A_k3_ecbfix_mto_h120,k3_ecbfix_mto,h120,1068,67646,0.0,,1.0,,,0,False
gate0A_k3_ecbfix_msince_h120,k3_ecbfix_msince,h120,1068,67646,0.0009338116509225734,1.439276578612347,0.15036546531324477,0.007733262072347301,1.2338514680483912,2895,False
gate0A_k3_tkypost_msince_h120,k3_tkypost_msince,h120,1068,67646,0.00022403233546810752,0.3869867317563336,0.6988431994012334,0.006286824213032688,0.8576642335766178,2466,False
gate0A_k3_tkypre_msince_h120,k3_tkypre_msince,h120,1068,67646,0.00010479662957792754,0.35309801878903413,0.7240847025420556,0.00432886358732718,0.9005628517823142,533,False
gate0A_k4_apipre_ret_h120,k4_apipre_ret,h120,1068,67646,-6.429391854501703e-05,-0.28865271432503703,0.7729032176784901,0.0021231331343941765,0.3675564681724841,487,False
gate0A_k4_eiafade_move_h120,k4_eiafade_move,h120,1068,67646,0.00020574722300331774,1.3091558918283783,0.19076340523469593,-0.0023586558482740624,2.1764705882352686,374,False
gate0A_k4_eiamom_r3_h120,k4_eiamom_r3,h120,1068,67646,-8.137982971263345e-05,-0.36777274888276756,0.7131156296747229,-0.004203087199288406,-2.0093167701863206,322,False
gate0A_k4_ngpre_mto_h120,k4_ngpre_mto,h120,1068,67646,-7.07498804501357e-06,-0.05721674181667801,0.9543832546006532,0.0009625855626847646,-0.9586776859504931,121,False
gate0A_k4_ngpre_msince_h120,k4_ngpre_msince,h120,1068,67646,-0.0002089020136693234,-1.2845027750294742,0.19924489703044573,-0.002456854737536867,-8.211480362537738,331,False
gate0A_k4_ovr_ret_h120,k4_ovr_ret,h120,1068,67646,-0.0005637461053668626,-0.9289201134937294,0.353140580963671,-0.00030332097576486386,-0.20628967109058824,3466,False
gate0A_k4_ovr_pct_h120,k4_ovr_pct,h120,1068,67646,-0.00028824031606729223,-0.4953908336331797,0.6204262693038586,0.0005493795775148066,0.034910559723031205,3466,False
gate0A_k5_ovr_ret_h120,k5_ovr_ret,h120,1068,67646,-0.00032231270123995456,-0.4375635738530705,0.6617912342704733,-0.0019283595482034706,-0.11126487683366267,3613,False
gate0A_k5_ovr_pct_h120,k5_ovr_pct,h120,1068,67646,-0.00011004476090564545,-0.16746195383235293,0.867038313519139,-0.004073438909077803,-0.5696097425961866,3613,False
gate0A_k5_pmfix_move_h120,k5_pmfix_move,h120,1068,67646,-1.5083952036351236e-05,-0.047897277442162496,0.9618070725827,-0.00032166898357017046,-0.1711373390557957,1864,False
gate0A_k5_preauc_msince_h120,k5_preauc_msince,h120,1068,67646,-0.00010013463962643455,-0.1577352910775461,0.8746952347563217,0.0022831100172068363,0.47620726119140944,2837,False
gate0A_k6_crushgap_gap_h120,k6_crushgap_gap,h120,1068,67646,-0.00037936557852565273,-0.4015978050770428,0.6880604655407103,0.0012965344398423032,-0.28939157566302653,2564,False
gate0A_k6_limitcont_dir_h120,k6_limitcont_dir,h120,1068,67646,0.0005249298242137638,1.1076913443704612,0.2682447750898166,0.006713887684682285,20.624999999999947,16,False
gate0A_k6_wasdepre_drift_h120,k6_wasdepre_drift,h120,1068,67646,0.0001243968372220266,0.6456946172023428,0.5186159769866322,0.002883017817616065,5.3052631578947365,95,False
gate0A_k7_expiry_mto_h120,k7_expiry_mto,h120,1068,67646,0.0,,1.0,,,0,False
gate0A_k7_expiry_msince_h120,k7_expiry_msince,h120,1068,67646,0.0,,1.0,,,0,False
gate0A_k7_montrend_ret_h120,k7_montrend_ret,h120,1068,67646,0.0,,1.0,,,0,False
gate0A_k7_rev2h_ret_h120,k7_rev2h_ret,h120,1068,67646,0.0,,1.0,,,0,False
gate0A_k8_oilcad_ret_h120,k8_oilcad_ret,h120,1068,67646,0.0005102390515221074,0.9294428971298592,0.35286982361402935,0.0002481275366431063,0.020604395604404233,1456,False
gate0A_k8_oilcad_z_h120,k8_oilcad_z,h120,1068,67646,0.0002103110161655628,0.4274908175678593,0.6691081284353,-0.0011380652366909572,-0.2651098901098745,1456,False
gate0A_k8_wkndbtc_move_h120,k8_wkndbtc_move,h120,1068,67646,0.0,,1.0,,,0,False
gate0A_k9_anncday_h120,k9_anncday,h120,1068,67646,4.6513929156058666e-05,0.06485589193530386,0.9483008882759866,0.008596989204600457,-0.41533923303835557,1695,False
gate0A_g01_ret30_h120,g01_ret30,h120,1068,67646,0.001999232752401349,0.2660587694101782,0.7902453490727751,0.006227980012952213,0.35896892770436306,61373,True
gate0A_g02_ret60_h120,g02_ret60,h120,1068,67646,0.009284022257265583,1.2410630400803426,0.2148552441681965,0.005444494742868715,0.6221465465269709,61373,False
gate0A_g03_ret120_h120,g03_ret120,h120,1068,67646,-0.00048212007000268485,-0.0679384884703741,0.9458473286737192,0.005989891261018016,-0.27735950524334446,59504,False
gate0A_g04_ret_day_h120,g04_ret_day,h120,1068,67646,0.0028221761831613698,0.3453529272562596,0.7298971315923445,0.012026100734031977,0.18074978564882185,67646,False
gate0A_g05_gap_h120,g05_gap,h120,1068,67646,-0.006141012126246337,-0.6792394749882161,0.4971334509171162,0.0018248431280206148,0.08902385724835445,66353,False
gate0A_g06_rv60_h120,g06_rv60,h120,1068,67646,-0.0067636601116126335,-0.7937056814521789,0.42754326294329587,0.0016392839012243088,0.21649469296040919,67646,False
gate0A_g07_range_h120,g07_range,h120,1068,67646,-0.02033384288148347,-2.42623923856189,0.01542110804148443,-0.004132379158222582,-0.14181178488011623,67646,False
gate0A_g08_prev_ret_h120,g08_prev_ret,h120,1068,67646,-0.012450049978419472,-2.080600146893892,0.03770864888017986,-0.011484007897816268,-0.5161132956863692,67646,False
gate0A_g09_vol_state_h120,g09_vol_state,h120,1068,67646,-0.0015558291395134346,-0.19406811753969033,0.8461594853823351,0.0017832687583746861,-0.010969353813400633,67643,False
gate0A_g10_logvol30_h120,g10_logvol30,h120,1068,67646,0.0029426002425199742,0.4964477077969787,0.6196808281367655,0.0026739292959837495,0.2718416462170663,67646,False
gate0A_g11_t_index_h120,g11_t_index,h120,1068,67646,-0.002820201740338947,-0.23075653115350367,0.8175481898669227,0.0013303164265335724,-0.0320639801318642,67646,False
gate0A_g12_dow_h120,g12_dow,h120,1068,67646,0.0015671603933880697,0.09430843133540018,0.9248818588864953,0.011084263637786664,-0.32834270568430296,55838,False
gate0A_g13_min_to_rel_h120,g13_min_to_rel,h120,1068,67646,-0.0030849490980130335,-0.5622502409749702,0.5740636298143683,-0.0010947033949000554,-0.15115453981018984,67646,False
gate0A_g14_min_since_rel_h120,g14_min_since_rel,h120,1068,67646,-0.006912112454452167,-1.1564039543470641,0.24777481033581272,-0.012636850636915579,-0.34392277444342306,67646,False
gate0A_g15_rel_day_h120,g15_rel_day,h120,1068,67646,0.002726006715187569,0.9691312445817226,0.33269933274455793,0.00775653537036277,0.5001444251877502,13848,False
gate0A_g16_month_end_h120,g16_month_end,h120,1068,67646,0.0020362285791452463,0.8670565384387674,0.38610597379134903,0.00639982296834101,1.0393112410656133,6156,False
gate0A_g17_nq_h120,g17_nq,h120,1068,67646,0.0008336352038289563,0.10046041012562464,0.919997684403375,-0.002385745511013296,-0.09541375518745297,56386,False
gate0A_g17_zn_h120,g17_zn,h120,1068,67646,-0.009739464086619416,-1.4024794872424127,0.16106298716558662,-0.006063858602998745,-0.23089465203713969,52132,False
gate0A_g17_6e_h120,g17_6e,h120,1068,67646,-0.005273971533721181,-1.0533004501885317,0.2924417741018813,-0.007899786528399694,0.06613557180986562,49081,False
gate0A_g17_cl_h120,g17_cl,h120,1068,67646,0.012661380148223786,1.8390721202322469,0.06618231665659206,0.0043332573343796655,-0.11328038418913859,54140,False
gate0A_g17_gc_h120,g17_gc,h120,1068,67646,0.004437919026875771,0.5718881886186559,0.567518182651782,-0.0022062537283916357,-0.8729985133033763,58519,False
gate0A_g17_zc_h120,g17_zc,h120,1068,67646,-2.4478427011447487e-05,-0.004109592235191946,0.9967217972212423,-0.005517656604995906,-0.6121602947950204,45591,False
gate0A_g17_mbt_h120,g17_mbt,h120,1068,67646,0.0011323032387081933,1.3954617808128122,0.1631669727015001,0.004085102540215795,0.8016784452296652,2264,False
gate0A_cp1_ret_hF,cp1_ret,hF,1068,64695,0.007201666919150388,0.28753619874392894,0.7737576231213907,0.01809985799300216,-0.6077594868227828,64695,False
gate0A_cp2_range_hF,cp2_range,hF,1068,64695,-0.02467677053045737,-1.205464616102513,0.2282912519265114,0.004291974987547176,-0.19344617049230972,64695,False
gate0A_cp2_brk_hF,cp2_brk,hF,1068,64695,0.005870086151396695,0.5244419028144023,0.600080148399067,0.030587396530815703,1.950916736233505,64686,False
gate0A_cp3_clv_hF,cp3_clv,hF,1068,64695,-0.01738877723074338,-1.6080037526224773,0.10813019208053444,-0.018174157237355867,-1.342746734678107,64695,False
gate0A_k1_vwap_dist_hF,k1_vwap_dist,hF,1068,64695,0.0005986478844689969,0.511291592850163,0.6092526734776091,0.015474104363567057,25.69465648854962,2620,False
gate0A_k1_vxn_regime_hF,k1_vxn_regime,hF,1068,64695,-0.00018598104396863239,-0.04650646098963612,0.9629152870859924,-0.008854214298223475,-14.495470657739267,2539,False
gate0A_k1_vxn_band_hF,k1_vxn_band,hF,1068,64695,0.0027947591429033887,1.9684186861757589,0.04927844711999475,0.012951297985940722,21.35880267821977,2539,False
gate0A_k2_auction_mto_hF,k2_auction_mto,hF,1068,64695,-0.0006965479246409894,-1.6280941491349823,0.10380013697329461,-0.002234740287294372,-0.8531914893617021,470,False
gate0A_k2_auction_msince_hF,k2_auction_msince,hF,1068,64695,3.8853223795896815e-05,1.3803389595027549,0.16777141200119108,0.0013396358167596669,0.9444444444444444,18,False
gate0A_k2_fomc_mto_hF,k2_fomc_mto,hF,1068,64695,0.0002628645277586661,0.5984717705200864,0.5496522084016147,0.0019920282043842073,1.9693486590038314,261,False
gate0A_k2_monthend_msince_hF,k2_monthend_msince,hF,1068,64695,-0.0007469658050976579,-1.3312824242567278,0.18338046031511734,-0.007545595634291812,-2.2402234636871508,537,False
gate0A_k2_predrift_move_hF,k2_predrift_move,hF,1068,64695,-0.00011720154260451276,-0.2852153824423374,0.7755344883731687,0.004237703111931995,0.5329341317365269,167,False
gate0A_k3_ldnmom_trend_hF,k3_ldnmom_trend,hF,1068,64695,0.000440249481011035,0.4113211321093088,0.6809196768125426,0.0011139846540225732,0.1713578719455432,3233,False
gate0A_k3_ldnrev_move_hF,k3_ldnrev_move,hF,1068,64695,3.669628620963654e-05,0.0854252039000836,0.9319393825245645,0.004335217076563978,2.1406250000000724,192,False
gate0A_k3_mehedge_req_hF,k3_mehedge_req,hF,1068,64695,-0.0006234001889347202,-1.9161511480672986,0.05561282014617561,-0.002988951646474804,-2.373015873015865,126,False
gate0A_k3_ecbfix_mto_hF,k3_ecbfix_mto,hF,1068,64695,0.0,,1.0,,,0,False
gate0A_k3_ecbfix_msince_hF,k3_ecbfix_msince,hF,1068,64695,0.00020483628881458248,0.28582420141033643,0.7750682496076514,0.002420050486264608,0.4082369942196676,2768,False
gate0A_k3_tkypost_msince_hF,k3_tkypost_msince,hF,1068,64695,0.0013445226034900478,1.870640795327839,0.0616684581653069,0.01110815137927672,2.0835145715528594,2299,False
gate0A_k3_tkypre_msince_hF,k3_tkypre_msince,hF,1068,64695,0.0001251279489241606,0.35381372615416845,0.7235483856019592,0.003087884845576239,0.7729083665338771,502,False
gate0A_k4_apipre_ret_hF,k4_apipre_ret,hF,1068,64695,9.654437087061711e-05,0.21777900303498537,0.8276429444464031,0.005992122596845433,4.913757700205399,487,False
gate0A_k4_eiafade_move_hF,k4_eiafade_move,hF,1068,64695,0.00024753202437132046,0.9914942590960195,0.3216690815238905,-0.001964935537251538,2.272727272727229,374,False
gate0A_k4_eiamom_r3_hF,k4_eiamom_r3,hF,1068,64695,-0.0002126209369936059,-0.6060534128569002,0.544608188189715,-0.0029507142222876116,-1.7204968944099674,322,False
gate0A_k4_ngpre_mto_hF,k4_ngpre_mto,hF,1068,64695,8.049320689626584e-05,0.7102711373149668,0.47769121825802746,0.0022021989586534273,-1.6260869565218028,115,False
gate0A_k4_ngpre_msince_hF,k4_ngpre_msince,hF,1068,64695,-0.00012329725270097323,-0.784285763512366,0.43304652678352423,0.00029976365759160187,-2.84326018808776,319,False
gate0A_k4_ovr_ret_hF,k4_ovr_ret,hF,1068,64695,-0.0004640694485034392,-0.5851990931175132,0.5585375882447123,-0.0008572706120259321,-0.2520685579196131,3384,False
gate0A_k4_ovr_pct_hF,k4_ovr_pct,hF,1068,64695,-0.0004341641971921848,-0.5852672647044209,0.558491772844614,0.0008732240297964529,0.34604018912530665,3384,False
gate0A_k5_ovr_ret_hF,k5_ovr_ret,hF,1068,64695,0.00019324489486882888,0.24147690360924473,0.809231912096212,0.0012117017736159238,0.6994727592266986,3414,False
gate0A_k5_ovr_pct_hF,k5_ovr_pct,hF,1068,64695,0.00045760688958313957,0.6228660383587306,0.5335056553767843,-0.0018011643815915694,0.15231400117162525,3414,False
gate0A_k5_pmfix_move_hF,k5_pmfix_move,hF,1068,64695,0.00010086672806184912,0.19307358198268312,0.8469380858930451,0.00036226713276360045,0.10000000000003441,1850,False
gate0A_k5_preauc_msince_hF,k5_preauc_msince,hF,1068,64695,-0.00012853419909362928,-0.17319946287812799,0.8625274956103097,0.0003483751343169637,0.32102272727273484,2816,False
gate0A_k6_crushgap_gap_hF,k6_crushgap_gap,hF,1068,64695,-0.0008560171966234357,-0.6019179130021609,0.5473566544001726,-0.0013721702652494984,-0.5163934426229508,2562,False
gate0A_k6_limitcont_dir_hF,k6_limitcont_dir,hF,1068,64695,6.46904105328334e-05,0.7590622385716671,0.4479829754530015,0.004645962692727101,10.06666666666687,15,False
gate0A_k6_wasdepre_drift_hF,k6_wasdepre_drift,hF,1068,64695,0.0001725906317325895,0.7537183934210048,0.4511846205802573,0.002070719469802645,6.2,95,False
gate0A_k7_expiry_mto_hF,k7_expiry_mto,hF,1068,64695,0.0,,1.0,,,0,False
gate0A_k7_expiry_msince_hF,k7_expiry_msince,hF,1068,64695,0.0,,1.0,,,0,False
gate0A_k7_montrend_ret_hF,k7_montrend_ret,hF,1068,64695,0.0,,1.0,,,0,False
gate0A_k7_rev2h_ret_hF,k7_rev2h_ret,hF,1068,64695,0.0,,1.0,,,0,False
gate0A_k8_oilcad_ret_hF,k8_oilcad_ret,hF,1068,64695,0.00111420486992709,0.8042375135451294,0.42143896218274923,-0.002936011549636809,-0.517214996174441,1307,False
gate0A_k8_oilcad_z_hF,k8_oilcad_z,hF,1068,64695,0.0006440855439576517,0.5367065248387681,0.5915822331266957,-0.0035702934160440976,-0.7712318286151476,1307,False
gate0A_k8_wkndbtc_move_hF,k8_wkndbtc_move,hF,1068,64695,0.0,,1.0,,,0,False
gate0A_k9_anncday_hF,k9_anncday,hF,1068,64695,0.00014190536289493495,0.08085241823914965,0.9355744831531004,0.014344925525741849,5.362241887905621,1695,False
gate0A_g01_ret30_hF,g01_ret30,hF,1068,64695,0.004947301374628394,0.32091315285581373,0.748339048844746,0.01607362175068971,1.515347085508861,58415,False
gate0A_g02_ret60_hF,g02_ret60,hF,1068,64695,0.0022772838846793083,0.14979656715114226,0.880953427212019,0.012151325635322835,1.758606522297355,58415,False
gate0A_g03_ret120_hF,g03_ret120,hF,1068,64695,-0.0017805240990407282,-0.14300646950998142,0.8863120722269707,0.011791542670758954,-0.10293285218990604,56532,False
gate0A_g04_ret_day_hF,g04_ret_day,hF,1068,64695,0.0006129958155821828,0.03470273951065542,0.972323267102423,0.025678114773589708,0.5064842723549037,64695,False
gate0A_g05_gap_hF,g05_gap,hF,1068,64695,-0.007169276087529848,-0.3295066516546403,0.7418374385819336,0.006217378572637743,0.0017962090535278336,63467,False
gate0A_g06_rv60_hF,g06_rv60,hF,1068,64695,-0.03778811407076262,-1.8172729341303941,0.06945573205202141,-0.0027683717765333315,-0.32412087487441377,64695,False
gate0A_g07_range_hF,g07_range,hF,1068,64695,-0.06031820078990447,-2.4267813930829725,0.01539821367708899,-0.011280658472930456,-0.8048380864054516,64695,False
gate0A_g08_prev_ret_hF,g08_prev_ret,hF,1068,64695,-0.012167721728580978,-0.93796353893973,0.34847540868681603,-0.016188925053855673,-0.890872555838937,64695,False
gate0A_g09_vol_state_hF,g09_vol_state,hF,1068,64695,-0.01846834513127702,-1.1359308479203003,0.25624058011699063,-0.002130656546536133,-0.18365485686019797,64692,False
gate0A_g10_logvol30_hF,g10_logvol30,hF,1068,64695,0.0027945409352202514,0.29151585269801156,0.7707134834681262,-0.0020356317955663996,0.03488677641239376,64695,False
gate0A_g11_t_index_hF,g11_t_index,hF,1068,64695,-0.011235531913968639,-0.4974247466626234,0.6189920449658423,0.0031406791156187996,0.09167632738233777,64695,False
gate0A_g12_dow_hF,g12_dow,hF,1068,64695,0.004368009390113512,0.13937953202724987,0.8891765482691228,0.019283689987613345,-0.4630939019827874,53460,False
gate0A_g13_min_to_rel_hF,g13_min_to_rel,hF,1068,64695,-0.010684241553411324,-0.9912509521570968,0.32178778803265673,-0.013476753826665902,-1.0157972022567423,64695,False
gate0A_g14_min_since_rel_hF,g14_min_since_rel,hF,1068,64695,0.005164463083346373,0.46873612084187805,0.6393540130185246,8.563548590412727e-05,0.16624159517737347,64695,False
gate0A_g15_rel_day_hF,g15_rel_day,hF,1068,64695,0.0017431157234174357,0.2399261745994507,0.8104335726830358,0.015334499855381064,0.6456652106315165,13507,False
gate0A_g16_month_end_hF,g16_month_end,hF,1068,64695,0.003811000326579089,0.8958121134492841,0.3705551663709204,0.00902184910351366,2.4484221241940904,5894,False
gate0A_g17_nq_hF,g17_nq,hF,1068,64695,0.013167142375540297,0.8701809792935404,0.38439722706221613,0.0014309935317675514,-0.060139285647597907,53559,False
gate0A_g17_zn_hF,g17_zn,hF,1068,64695,-0.00290283676179545,-0.30700382060868686,0.7589003680701404,-0.0034661270484067,0.32664733365554677,49656,False
gate0A_g17_6e_hF,g17_6e,hF,1068,64695,-0.0092740055114291,-0.847515262074202,0.3968980456752137,-0.0035971267772441262,0.3582024793388425,48400,False
gate0A_g17_cl_hF,g17_cl,hF,1068,64695,0.012890477858687943,1.0092199866715885,0.31309794719917877,0.003506442520739165,-0.659768067682415,51653,False
gate0A_g17_gc_hF,g17_gc,hF,1068,64695,0.005849988640995723,0.35072115188307645,0.7258667852125144,0.00551417404453091,-1.144553819815966,56076,False
gate0A_g17_zc_hF,g17_zc,hF,1068,64695,0.0041003425472632875,0.5148935855389755,0.6067340259880745,0.0047358106079384635,-0.7690816064294547,42803,False
gate0A_g17_mbt_hF,g17_mbt,hF,1068,64695,0.00024122449967973537,0.1980972631059779,0.8430067005098559,0.00224575178965893,0.4496088357109886,2173,False
