test_id,root,horizon,n_pair_rows,n_trades,n_dates,mean_g_ticks,cost_ticks,cost_multiple,bar1_mean_ge_1p5c,t_B,p_one_sided,bar2_t_ge_3,bar4_n_ge_30,n_long,n_short
gate0B_6A_h60,6A,h60,2707,541,383,0.7615526802218917,2.191472991261711,0.34750721695339626,False,0.24628555203449973,0.40279673907556574,False,True,272,269
gate0B_6B_h60,6B,h60,2660,532,370,0.007518796992450858,1.91049225485976,0.0039355286436389015,False,0.17211858746676112,0.43171932886221875,False,True,313,219
gate0B_6C_h60,6C,h60,2662,532,377,1.1654135338346125,2.038705446249169,0.5716439007796601,False,0.5569544530118262,0.2889449548758914,False,True,424,108
gate0B_6E_h60,6E,h60,2974,594,419,0.08585858585868461,1.9311506692108211,0.04445980690557477,False,-0.5111448561825298,0.6952402494327556,False,True,327,267
gate0B_6J_h60,6J,h60,2650,530,374,0.603773584905629,1.898484872536311,0.31802917876243497,False,-0.0687172300642309,0.5273742373418138,False,True,167,363
gate0B_6N_h60,6N,h60,1274,254,209,-2.0275590551181675,2.2846904299714716,-0.8874546102701034,False,-1.8951458452161716,0.970270027759927,False,True,114,140
gate0B_6S_h60,6S,h60,1520,304,252,-1.552631578947402,2.689659611496583,-0.5772595061140414,False,-0.7777494146532421,0.7812753919605985,False,True,162,142
gate0B_HE_h60,HE,h60,2392,478,362,0.016736401673660622,1.8707060743530866,0.008946569374586693,False,-1.1656322144058,0.8777336280612207,False,True,134,344
gate0B_LE_h60,LE,h60,2604,520,388,0.47499999999995823,2.360483163111909,0.20122998859849894,False,-0.3664752443360924,0.6428946224870414,False,True,183,337
gate0B_M2K_h60,M2K,h60,3041,608,414,1.1069078947368265,3.981809458877145,0.2779911761646601,False,-0.9630427666779282,0.8319552092019747,False,True,249,359
gate0B_MCL_h60,MCL,h60,2624,524,355,0.036259541984733364,3.2150664629856545,0.011278006971918438,False,-0.1244927860084102,0.5495021136033028,False,True,177,347
gate0B_MGC_h60,MGC,h60,2907,581,384,2.013769363166985,4.13208206489704,0.48734979885186824,False,-0.4084079449014684,0.658398780152308,False,True,275,306
gate0B_MHG_h60,MHG,h60,2699,539,368,-1.2170686456400868,3.678801656782349,-0.33083290679622873,False,-2.171563243421756,0.9847356832007468,False,True,311,228
gate0B_MNQ_h60,MNQ,h60,2620,524,346,-0.9770992366412213,4.128452743691779,-0.2366744389006792,False,-0.9420760996492342,0.8265935625067564,False,True,293,231
gate0B_MYM_h60,MYM,h60,2939,587,397,3.54855195911414,4.026124961050605,0.8813814755983521,False,-0.5961751094540104,0.7243005649681271,False,True,244,343
gate0B_NG_h60,NG,h60,2590,518,330,5.5694980694980805,1.7128756307018143,3.251548430995015,True,2.5143449337178385,0.00620103578191354,False,True,75,443
gate0B_TN_h60,TN,h60,2320,464,318,1.1077586206896552,1.1747810263055003,0.9429490227411828,False,0.9449685698247948,0.17269730704133884,False,True,76,388
gate0B_UB_h60,UB,h60,2508,501,339,1.9281437125748504,1.0995182035531625,1.7536260030474549,True,0.6516025349325,0.25755020484893104,False,True,56,445
gate0B_ZB_h60,ZB,h60,2292,458,328,0.8864628820960698,1.0896074215983211,0.8135617145446173,False,0.3598965985369036,0.3595783927201744,False,True,66,392
gate0B_ZC_h60,ZC,h60,2792,558,383,1.1379928315412187,1.4267738587843617,0.7975985994800957,False,1.3877392909942639,0.08301268526491505,False,True,254,304
gate0B_ZF_h60,ZF,h60,1897,379,243,-0.018469656992084433,1.2976090196471308,-0.014233607128522454,False,-0.9706446347630868,0.8336527991222972,False,True,64,315
gate0B_ZL_h60,ZL,h60,2784,556,401,-0.5323741007194157,2.197279411515097,-0.2422878482952362,False,-1.1148435613124679,0.8672065837487559,False,True,293,263
gate0B_ZM_h60,ZM,h60,2729,545,403,0.4275229357798334,1.6154187749845865,0.2646514590521041,False,-1.0909858902404852,0.8620337211167508,False,True,224,321
gate0B_ZN_h60,ZN,h60,2890,578,369,0.8944636678200693,1.1677895244063048,0.7659459595467837,False,0.8464859891451505,0.19891589926442801,False,True,74,504
gate0B_ZS_h60,ZS,h60,2852,570,425,1.5,1.4754429717004265,1.0166438342725452,False,0.0010279995710780294,0.49959012931933616,False,True,164,406
gate0B_ZT_h60,ZT,h60,1154,230,144,1.126086956521739,1.3013991833302412,0.8652894292127313,False,1.0051499576114649,0.15826122757381522,False,True,41,189
gate0B_ZW_h60,ZW,h60,2716,543,403,0.4585635359116022,1.486859597324266,0.3084107852125563,False,-0.5822272973059124,0.719630012510452,False,True,201,342
gate0B_6A_h120,6A,h120,2702,540,371,-1.129629629629641,2.1815427712202595,-0.5178122769501218,False,-1.45783564773056,0.9271329548910671,False,True,217,323
gate0B_6B_h120,6B,h120,2640,528,374,-0.5606060606060954,1.9283026485980013,-0.2907251416232258,False,-0.13983571423283273,0.5555673649790775,False,True,241,287
gate0B_6C_h120,6C,h120,2657,531,366,0.6365348399246711,2.042647702356146,0.31162242964875597,False,0.07614495468946103,0.46967274695636485,False,True,366,165
gate0B_6E_h120,6E,h120,2975,595,408,-2.265546218487306,1.9368250427273976,-1.1697216674238216,False,-0.9667575069651548,0.8328803139718497,False,True,236,359
gate0B_6J_h120,6J,h120,2629,525,360,-0.3714285714285463,1.8962929108822089,-0.19587088539805134,False,-0.48537048214989387,0.6861451830886305,False,True,204,321
gate0B_6N_h120,6N,h120,1262,252,206,-0.4166666666665497,2.27304095214853,-0.18330803335184387,False,0.0704785297048696,0.47194074697775235,False,True,83,169
gate0B_6S_h120,6S,h120,1500,300,239,-1.236666666666582,2.6884759657736406,-0.459987994094162,False,-0.10465603560798019,0.541631553988561,False,True,138,162
gate0B_HE_h120,HE,h120,2387,477,334,2.2201257861635337,1.8521415559602687,1.1986804027041433,False,0.603293524344608,0.2733620630199564,False,True,184,293
gate0B_LE_h120,LE,h120,2602,520,377,1.7269230769230859,2.3658186971640522,0.7299473450747423,False,1.0721324796922749,0.1421740905447348,False,True,250,270
gate0B_M2K_h120,M2K,h120,3041,608,408,-8.485197368421067,4.045153670605086,-2.0976205255391016,False,-2.5982711213440166,0.9951452316985775,False,True,231,377
gate0B_MCL_h120,MCL,h120,2623,524,353,1.5114503816794,3.1546477102545616,0.4791185959580364,False,0.354910244778122,0.36143469042366666,False,True,196,328
gate0B_MGC_h120,MGC,h120,2906,581,367,-0.9552495697074754,4.155488829436984,-0.22987658225443952,False,-0.6114769942393131,0.7293682727192561,False,True,347,234
gate0B_MHG_h120,MHG,h120,2679,535,376,-1.4523364485981645,3.7089647186267984,-0.39157461954393447,False,-1.1517982918032388,0.8749311231967216,False,True,388,147
gate0B_MNQ_h120,MNQ,h120,2620,524,339,-32.154580152671755,4.128931240271176,-7.787627906964112,False,-2.673577365878528,0.9960654913913742,False,True,289,235
gate0B_MYM_h120,MYM,h120,2938,587,401,-13.834752981260648,4.1102231398136455,-3.3659372035669834,False,-1.9195857206712255,0.9721893551605749,False,True,243,344
gate0B_NG_h120,NG,h120,2590,518,333,2.924710424710402,1.7098007344958213,1.710556303844862,True,0.6876362958229335,0.24608097495521442,False,True,138,380
gate0B_TN_h120,TN,h120,2315,463,330,0.13606911447084233,1.1780866220923079,0.11550009304848957,False,-0.2559112576983603,0.6009103545080918,False,True,167,296
gate0B_UB_h120,UB,h120,2495,499,367,-0.44889779559118237,1.0996534998569911,-0.40821749364646326,False,-0.847019327952582,0.801231072982307,False,True,155,344
gate0B_ZB_h120,ZB,h120,2282,456,341,-0.13815789473684212,1.0914760322093127,-0.12657895424161503,False,-0.20360554259973848,0.5806082168530337,False,True,160,296
gate0B_ZC_h120,ZC,h120,2790,558,390,0.7508960573476703,1.4273703300733418,0.5260695430800271,False,0.4621079725483967,0.32213111655155846,False,True,413,145
gate0B_ZF_h120,ZF,h120,1898,379,245,1.1134564643799472,1.2991189945578925,0.8570858166529012,False,1.2271141310887415,0.1104811817954562,False,True,124,255
gate0B_ZL_h120,ZL,h120,2781,556,391,1.1690647482014613,2.201245019727311,0.5310925125210662,False,-1.1347565509031978,0.8714128581689435,False,True,410,146
gate0B_ZM_h120,ZM,h120,2728,545,391,0.8972477064220176,1.6152955228386219,0.5554696919144858,False,-0.1578324612379251,0.5626647476696824,False,True,287,258
gate0B_ZN_h120,ZN,h120,2889,577,385,0.25996533795493937,1.1679714412096394,0.22257850558888637,False,-0.21008786341483138,0.5831447394224099,False,True,152,425
gate0B_ZS_h120,ZS,h120,2851,570,412,0.5596491228070175,1.4760632892161627,0.3791498148458182,False,-0.7174697193099201,0.763254057692144,False,True,257,313
gate0B_ZT_h120,ZT,h120,1151,230,150,0.5739130434782609,1.303580987130112,0.44025883251162967,False,0.0315449277567915,0.4874385891188005,False,True,90,140
gate0B_ZW_h120,ZW,h120,2715,543,395,-1.3388581952117864,1.4865043392720132,-0.9006756050691829,False,-1.2371880750793727,0.8916229403942447,False,True,311,232
gate0B_6A_hF,6A,hF,2397,479,286,1.4509394572025218,2.1839262351696425,0.6643720075508027,False,-0.20149355582766093,0.5797717978613073,False,True,241,238
gate0B_6B_hF,6B,hF,2197,439,268,-1.0569476082005262,1.9336413157183412,-0.5466099630829794,False,-0.8324540398387565,0.7970516661398819,False,True,245,194
gate0B_6C_hF,6C,hF,2389,477,298,-0.45911949685540215,2.0537457368410066,-0.22355225801301104,False,-0.4266629235840789,0.6650330206582538,False,True,355,122
gate0B_6E_hF,6E,hF,2847,569,340,0.12653778558896758,1.9832087496947775,0.06380457206456061,False,-0.399305219227529,0.6550401204971814,False,True,337,232
gate0B_6J_hF,6J,hF,2452,490,325,3.493877551020391,1.9436573984705996,1.7975789116793983,True,1.3956307742034078,0.08189070369713433,False,True,134,356
gate0B_6N_hF,6N,hF,850,170,134,2.4647058823529826,2.2926406610750645,1.075051107746311,False,0.07226112325405222,0.47125132867202285,False,True,79,91
gate0B_6S_hF,6S,hF,1013,202,148,-8.420792079207885,2.648165807870798,-3.1798583208724556,False,-1.7904167274534846,0.9622774638357466,False,True,114,88
gate0B_HE_hF,HE,hF,2393,478,294,2.792887029288718,1.800361441013889,1.5512924047717216,True,0.49035128836220376,0.3121261662169913,False,True,221,257
gate0B_LE_hF,LE,hF,2612,522,311,1.0785440613026986,2.3083999511905264,0.4672258205283941,False,-0.11166770919541183,0.5444204245197263,False,True,325,197
gate0B_M2K_hF,M2K,hF,3041,608,376,-5.784539473684219,4.181004532880466,-1.3835286300680023,False,-0.9265968195884927,0.8226340726119383,False,True,235,373
gate0B_MCL_hF,MCL,hF,2617,523,313,-1.9369024856596888,3.1672340619696335,-0.6115438416493827,False,-0.6894481521478706,0.7544731372701556,False,True,170,353
gate0B_MGC_hF,MGC,hF,2885,577,334,-0.048526863084940926,4.1431142864466155,-0.011712653750268736,False,-0.30844145077372664,0.6210303474151413,False,True,376,201
gate0B_MHG_hF,MHG,hF,2363,472,308,-3.0000000000000178,3.715665608735896,-0.8073923533233782,False,-1.407840257211783,0.9199049307114058,False,True,347,125
gate0B_MNQ_hF,MNQ,hF,2620,524,310,-19.519083969465647,4.168478848158802,-4.682543604146423,False,-0.67585279378207,0.750180195544106,False,True,334,190
gate0B_MYM_hF,MYM,hF,2938,587,365,-13.417376490630323,4.305007419423083,-3.1166906774874725,False,-1.158339587644332,0.8762575526390238,False,True,279,308
gate0B_NG_hF,NG,hF,2473,494,283,13.92105263157894,1.766139250550433,7.882194242181255,True,2.329878707167312,0.010259209950479303,False,True,126,368
gate0B_TN_hF,TN,hF,2210,442,265,1.506787330316742,1.173721868425266,1.2837686430247195,False,0.7170352945563957,0.23699310929427597,False,True,30,412
gate0B_UB_hF,UB,hF,2467,493,310,-3.1156186612576064,1.0976493864196444,-2.8384461375414722,False,-1.3263918618469879,0.9071552880173424,False,True,48,445
gate0B_ZB_hF,ZB,hF,2221,444,286,0.6441441441441441,1.089216943888851,0.591382779856825,False,0.28652291655404294,0.38734290977335106,False,True,29,415
gate0B_ZC_hF,ZC,hF,2791,558,331,0.6487455197132617,1.4296436741444956,0.45378126833000787,False,0.6217943935623869,0.26725319986830204,False,True,430,128
gate0B_ZF_hF,ZF,hF,1871,374,212,0.9625668449197861,1.2977788749709007,0.7417032774103132,False,1.1769326189300477,0.12027417849889287,False,True,25,349
gate0B_ZL_hF,ZL,hF,2784,556,344,0.008992805755378098,2.2144986783086877,0.004060876551186885,False,-0.3142844946337256,0.6232519771453475,False,True,382,174
gate0B_ZM_hF,ZM,hF,2731,546,330,0.8443223443223564,1.6218276997707735,0.5205992871139712,False,0.21367983164745186,0.41546454931253624,False,True,293,253
gate0B_ZN_hF,ZN,hF,2859,571,324,1.0385288966725044,1.1677786394890357,0.8893199974328312,False,1.4148682350945798,0.0790352241491248,False,True,34,537
gate0B_ZS_hF,ZS,hF,2849,569,361,2.6678383128295255,1.4828277873927787,1.7991558665894192,True,0.6105584857455553,0.2709385845940024,False,True,281,288
gate0B_ZT_hF,ZT,hF,1106,221,128,1.9773755656108598,1.3000956290373193,1.5209462453735387,True,0.9643634028505835,0.1683482325966065,False,True,27,194
gate0B_ZW_hF,ZW,hF,2719,543,325,0.8066298342541437,1.4861799439457175,0.5427538149334665,False,-0.7137418346221402,0.762049674669803,False,True,289,254
