test_id,family,p,rank,threshold,rejected
gate0B_NG_h60,B,0.00620103578191354,1,0.00018315018315018315,False
gate0B_NG_hF,B,0.010259209950479303,2,0.0001838235294117647,False
gate0A_g07_range_hF,A,0.01539821367708899,3,0.0001845018450184502,False
gate0A_g07_range_h120,A,0.01542110804148443,4,0.0001851851851851852,False
gate0A_g08_prev_ret_h120,A,0.03770864888017986,5,0.00018587360594795541,False
gate0A_g07_range_h60,A,0.04319070930706112,6,0.00018656716417910448,False
gate0A_k1_vxn_band_hF,A,0.04927844711999475,7,0.00018726591760299626,False
gate0A_cp3_clv_h60,A,0.05144427205066421,8,0.00018796992481203009,False
gate0A_cp3_clv_h120,A,0.054544822913961725,9,0.00018867924528301889,False
gate0A_k3_mehedge_req_hF,A,0.05561282014617561,10,0.0001893939393939394,False
gate0A_k3_mehedge_req_h120,A,0.059706518295109874,11,0.00019011406844106465,False
gate0A_k3_tkypost_msince_hF,A,0.0616684581653069,12,0.00019083969465648855,False
gate0A_k1_vxn_band_h120,A,0.06268214125661233,13,0.00019157088122605365,False
gate0A_k2_auction_mto_h120,A,0.06288688695135952,14,0.0001923076923076923,False
gate0A_g17_cl_h120,A,0.06618231665659206,15,0.00019305019305019305,False
gate0A_g06_rv60_hF,A,0.06945573205202141,16,0.0001937984496124031,False
gate0A_k3_mehedge_req_h60,A,0.06983591811816998,17,0.0001945525291828794,False
gate0B_ZN_hF,B,0.0790352241491248,18,0.0001953125,False
gate0B_6J_hF,B,0.08189070369713433,19,0.00019607843137254904,False
gate0B_ZC_h60,B,0.08301268526491505,20,0.00019685039370078743,False
gate0A_g13_min_to_rel_h60,A,0.0834862142784425,21,0.0001976284584980237,False
gate0A_k2_monthend_msince_h120,A,0.08632759935299666,22,0.0001984126984126984,False
gate0A_g17_mbt_h60,A,0.09028918379642815,23,0.00019920318725099602,False
gate0A_g03_ret120_h60,A,0.10076487248979356,24,0.0002,False
gate0A_k2_auction_mto_hF,A,0.10380013697329461,25,0.00020080321285140563,False
gate0A_cp3_clv_hF,A,0.10813019208053444,26,0.00020161290322580645,False
gate0B_ZF_h120,B,0.1104811817954562,27,0.00020242914979757087,False
gate0A_g08_prev_ret_h60,A,0.11684509675212724,28,0.0002032520325203252,False
gate0B_ZF_hF,B,0.12027417849889287,29,0.00020408163265306123,False
gate0A_g17_gc_h60,A,0.1221589129820284,30,0.00020491803278688525,False
gate0A_k2_auction_msince_h120,A,0.13937005799759636,31,0.000205761316872428,False
gate0B_LE_h120,B,0.1421740905447348,32,0.0002066115702479339,False
gate0A_k3_ecbfix_msince_h120,A,0.15036546531324477,33,0.00020746887966804981,False
gate0B_ZT_h60,B,0.15826122757381522,34,0.00020833333333333335,False
gate0A_g17_zn_h120,A,0.16106298716558662,35,0.0002092050209205021,False
gate0A_k2_predrift_move_h60,A,0.16131653150435757,36,0.0002100840336134454,False
gate0A_g17_mbt_h120,A,0.1631669727015001,37,0.0002109704641350211,False
gate0A_k2_auction_msince_hF,A,0.16777141200119108,38,0.00021186440677966104,False
gate0B_ZT_hF,B,0.1683482325966065,39,0.00021276595744680854,False
gate0B_TN_h60,B,0.17269730704133884,40,0.00021367521367521368,False
gate0A_k2_monthend_msince_hF,A,0.18338046031511734,41,0.0002145922746781116,False
gate0A_k4_eiafade_move_h120,A,0.19076340523469593,42,0.00021551724137931037,False
gate0A_k9_anncday_h60,A,0.19156241601882956,43,0.00021645021645021645,False
gate0B_ZN_h60,B,0.19891589926442801,44,0.0002173913043478261,False
gate0A_k4_ngpre_msince_h120,A,0.19924489703044573,45,0.0002183406113537118,False
gate0A_cp2_brk_h60,A,0.20945784876876303,46,0.0002192982456140351,False
gate0A_g02_ret60_h120,A,0.2148552441681965,47,0.00022026431718061675,False
gate0A_cp2_range_hF,A,0.2282912519265114,48,0.00022123893805309737,False
gate0A_g14_min_since_rel_h60,A,0.22944213777420294,49,0.00022222222222222223,False
gate0B_TN_hF,B,0.23699310929427597,50,0.00022321428571428573,False
gate0B_NG_h120,B,0.24608097495521442,51,0.0002242152466367713,False
gate0A_g14_min_since_rel_h120,A,0.24777481033581272,52,0.00022522522522522523,False
gate0A_g09_vol_state_hF,A,0.25624058011699063,53,0.00022624434389140272,False
gate0B_UB_h60,B,0.25755020484893104,54,0.00022727272727272727,False
gate0A_k6_limitcont_dir_h60,A,0.2664909662938738,55,0.00022831050228310504,False
gate0B_ZC_hF,B,0.26725319986830204,56,0.00022935779816513763,False
gate0A_k6_limitcont_dir_h120,A,0.2682447750898166,57,0.0002304147465437788,False
gate0B_ZS_hF,B,0.2709385845940024,58,0.0002314814814814815,False
gate0A_g17_6e_h60,A,0.2710876554873145,59,0.00023255813953488373,False
gate0B_HE_h120,B,0.2733620630199564,60,0.00023364485981308412,False
gate0A_g17_zn_h60,A,0.288791420364493,61,0.0002347417840375587,False
gate0B_6C_h60,B,0.2889449548758914,62,0.0002358490566037736,False
gate0A_g17_6e_h120,A,0.2924417741018813,63,0.00023696682464454977,False
gate0A_k3_ecbfix_msince_h60,A,0.29502456978853897,64,0.0002380952380952381,False
gate0B_HE_hF,B,0.3121261662169913,65,0.00023923444976076556,False
gate0A_g17_cl_hF,A,0.31309794719917877,66,0.0002403846153846154,False
gate0A_k4_eiafade_move_hF,A,0.3216690815238905,67,0.00024154589371980678,False
gate0A_g13_min_to_rel_hF,A,0.32178778803265673,68,0.00024271844660194176,False
gate0B_ZC_h120,B,0.32213111655155846,69,0.00024390243902439027,False
gate0A_g15_rel_day_h120,A,0.33269933274455793,70,0.00024509803921568627,False
gate0A_g15_rel_day_h60,A,0.3354802133191051,71,0.00024630541871921186,False
gate0A_g08_prev_ret_hF,A,0.34847540868681603,72,0.00024752475247524753,False
gate0A_k8_oilcad_ret_h120,A,0.35286982361402935,73,0.0002487562189054727,False
gate0A_k4_ovr_ret_h120,A,0.353140580963671,74,0.00025,False
gate0B_ZB_h60,B,0.3595783927201744,75,0.0002512562814070352,False
gate0B_MCL_h120,B,0.36143469042366666,76,0.0002525252525252525,False
gate0A_k1_vwap_dist_h60,A,0.3619100346140546,77,0.0002538071065989848,False
gate0A_g16_month_end_hF,A,0.3705551663709204,78,0.00025510204081632655,False
gate0A_g17_nq_hF,A,0.38439722706221613,79,0.0002564102564102564,False
gate0A_g16_month_end_h120,A,0.38610597379134903,80,0.0002577319587628866,False
gate0A_cp2_brk_h120,A,0.38698995611169784,81,0.00025906735751295336,False
gate0B_ZB_hF,B,0.38734290977335106,82,0.00026041666666666666,False
gate0A_g17_6e_hF,A,0.3968980456752137,83,0.0002617801047120419,False
gate0B_6A_h60,B,0.40279673907556574,84,0.0002631578947368421,False
gate0A_g09_vol_state_h60,A,0.40412840330365374,85,0.00026455026455026457,False
gate0A_k4_ngpre_msince_h60,A,0.4134366674265879,86,0.00026595744680851064,False
gate0B_ZM_hF,B,0.41546454931253624,87,0.00026737967914438503,False
gate0A_g06_rv60_h60,A,0.416887382470482,88,0.00026881720430107527,False
gate0A_k8_oilcad_ret_hF,A,0.42143896218274923,89,0.0002702702702702703,False
gate0A_g06_rv60_h120,A,0.42754326294329587,90,0.0002717391304347826,False
gate0B_6B_h60,B,0.43171932886221875,91,0.000273224043715847,False
gate0A_k4_ngpre_msince_hF,A,0.43304652678352423,92,0.0002747252747252747,False
gate0A_k4_eiafade_move_h60,A,0.44426222142533406,93,0.00027624309392265195,False
gate0A_k6_limitcont_dir_hF,A,0.4479829754530015,94,0.0002777777777777778,False
gate0A_k3_ldnmom_trend_h120,A,0.45053272671769007,95,0.0002793296089385475,False
gate0A_k6_wasdepre_drift_hF,A,0.4511846205802573,96,0.0002808988764044944,False
gate0A_k8_oilcad_ret_h60,A,0.46006790969617106,97,0.0002824858757062147,False
gate0B_6C_h120,B,0.46967274695636485,98,0.00028409090909090913,False
gate0B_6N_hF,B,0.47125132867202285,99,0.00028571428571428574,False
gate0B_6N_h120,B,0.47194074697775235,100,0.00028735632183908046,False
gate0A_cp2_range_h60,A,0.4775383183665973,101,0.00028901734104046245,False
gate0A_k4_ngpre_mto_hF,A,0.47769121825802746,102,0.00029069767441860465,False
gate0A_g02_ret60_h60,A,0.4781184732286721,103,0.00029239766081871346,False
gate0A_g11_t_index_h60,A,0.4800676437229082,104,0.00029411764705882356,False
gate0B_ZT_h120,B,0.4874385891188005,105,0.0002958579881656805,False
gate0A_g05_gap_h120,A,0.4971334509171162,106,0.00029761904761904765,False
gate0B_ZS_h60,B,0.49959012931933616,107,0.0002994011976047904,False
gate0A_g16_month_end_h60,A,0.5110065007436797,108,0.00030120481927710846,False
gate0A_k6_wasdepre_drift_h120,A,0.5186159769866322,109,0.00030303030303030303,False
gate0A_k1_vxn_band_h60,A,0.5192723512668486,110,0.0003048780487804878,False
gate0A_k2_predrift_move_h120,A,0.5213952887171045,111,0.00030674846625766873,False
gate0B_6J_h60,B,0.5273742373418138,112,0.00030864197530864197,False
gate0A_g04_ret_day_h60,A,0.5331326249674053,113,0.00031055900621118014,False
gate0A_k6_crushgap_gap_h60,A,0.5332974350297579,114,0.0003125,False
gate0A_k5_ovr_pct_hF,A,0.5335056553767843,115,0.0003144654088050315,False
gate0B_6S_h120,B,0.541631553988561,116,0.00031645569620253165,False
gate0A_k3_tkypost_msince_h60,A,0.54263390932407,117,0.00031847133757961787,False
gate0B_LE_hF,B,0.5444204245197263,118,0.0003205128205128205,False
gate0A_k4_eiamom_r3_hF,A,0.544608188189715,119,0.0003225806451612903,False
gate0A_k6_crushgap_gap_hF,A,0.5473566544001726,120,0.0003246753246753247,False
gate0B_MCL_h60,B,0.5495021136033028,121,0.00032679738562091506,False
gate0A_k5_ovr_pct_h60,A,0.5496158295537605,122,0.0003289473684210526,False
gate0A_k2_fomc_mto_hF,A,0.5496522084016147,123,0.00033112582781456954,False
gate0B_6B_h120,B,0.5555673649790775,124,0.0003333333333333334,False
gate0A_k4_ovr_pct_hF,A,0.558491772844614,125,0.00033557046979865775,False
gate0A_k4_ovr_ret_hF,A,0.5585375882447123,126,0.00033783783783783786,False
gate0A_k3_ldnmom_trend_h60,A,0.5604147630731078,127,0.00034013605442176874,False
gate0B_ZM_h120,B,0.5626647476696824,128,0.00034246575342465754,False
gate0A_g17_gc_h120,A,0.567518182651782,129,0.0003448275862068966,False
gate0A_g13_min_to_rel_h120,A,0.5740636298143683,130,0.00034722222222222224,False
gate0B_6A_hF,B,0.5797717978613073,131,0.00034965034965034965,False
gate0B_ZB_h120,B,0.5806082168530337,132,0.00035211267605633805,False
gate0B_ZN_h120,B,0.5831447394224099,133,0.0003546099290780142,False
gate0A_k8_oilcad_z_hF,A,0.5915822331266957,134,0.00035714285714285714,False
gate0A_cp2_brk_hF,A,0.600080148399067,135,0.00035971223021582735,False
gate0B_TN_h120,B,0.6009103545080918,136,0.00036231884057971015,False
gate0A_g17_zc_hF,A,0.6067340259880745,137,0.00036496350364963507,False
gate0A_k1_vwap_dist_hF,A,0.6092526734776091,138,0.0003676470588235294,False
gate0A_k2_auction_msince_h60,A,0.614103044095324,139,0.0003703703703703704,False
gate0A_g11_t_index_hF,A,0.6189920449658423,140,0.00037313432835820896,False
gate0A_g10_logvol30_h120,A,0.6196808281367655,141,0.00037593984962406017,False
gate0A_k4_ovr_pct_h120,A,0.6204262693038586,142,0.0003787878787878788,False
gate0B_MGC_hF,B,0.6210303474151413,143,0.0003816793893129771,False
gate0B_ZL_hF,B,0.6232519771453475,144,0.0003846153846153846,False
gate0A_g14_min_since_rel_hF,A,0.6393540130185246,145,0.0003875968992248062,False
gate0B_LE_h60,B,0.6428946224870414,146,0.000390625,False
gate0B_6E_hF,B,0.6550401204971814,147,0.00039370078740157485,False
gate0B_MGC_h60,B,0.658398780152308,148,0.0003968253968253968,False
gate0A_k5_ovr_ret_h120,A,0.6617912342704733,149,0.0004,False
gate0A_k2_monthend_msince_h60,A,0.6630135477759449,150,0.0004032258064516129,False
gate0B_6C_hF,B,0.6650330206582538,151,0.0004065040650406504,False
gate0A_k8_oilcad_z_h120,A,0.6691081284353,152,0.0004098360655737705,False
gate0A_k3_ldnmom_trend_hF,A,0.6809196768125426,153,0.0004132231404958678,False
gate0A_g05_gap_h60,A,0.6849657146427703,154,0.0004166666666666667,False
gate0B_6J_h120,B,0.6861451830886305,155,0.0004201680672268908,False
gate0A_g12_dow_h60,A,0.6862930884679276,156,0.0004237288135593221,False
gate0A_k6_crushgap_gap_h120,A,0.6880604655407103,157,0.00042735042735042735,False
gate0A_g17_nq_h60,A,0.6916950208489041,158,0.00043103448275862074,False
gate0B_6E_h60,B,0.6952402494327556,159,0.0004347826086956522,False
gate0A_k3_tkypost_msince_h120,A,0.6988431994012334,160,0.0004385964912280702,False
gate0A_k4_eiamom_r3_h120,A,0.7131156296747229,161,0.00044247787610619474,False
gate0A_k1_vxn_regime_h60,A,0.7156912890977664,162,0.00044642857142857147,False
gate0A_k3_ldnrev_move_h120,A,0.7184764983170866,163,0.00045045045045045046,False
gate0B_ZW_h60,B,0.719630012510452,164,0.00045454545454545455,False
gate0A_k3_tkypre_msince_hF,A,0.7235483856019592,165,0.00045871559633027525,False
gate0A_k3_tkypre_msince_h120,A,0.7240847025420556,166,0.000462962962962963,False
gate0B_MYM_h60,B,0.7243005649681271,167,0.00046728971962616824,False
gate0A_g17_gc_hF,A,0.7258667852125144,168,0.0004716981132075472,False
gate0B_MGC_h120,B,0.7293682727192561,169,0.0004761904761904762,False
gate0A_g04_ret_day_h120,A,0.7298971315923445,170,0.0004807692307692308,False
gate0A_k1_vxn_regime_h120,A,0.7375205155428177,171,0.00048543689320388353,False
gate0A_k3_ldnrev_move_h60,A,0.737928406977063,172,0.0004901960784313725,False
gate0A_g05_gap_hF,A,0.7418374385819336,173,0.0004950495049504951,False
gate0A_k5_preauc_msince_h60,A,0.7479914632503518,174,0.0005,False
gate0A_g01_ret30_hF,A,0.748339048844746,175,0.000505050505050505,False
gate0B_MNQ_hF,B,0.750180195544106,176,0.0005102040816326531,False
gate0B_MCL_hF,B,0.7544731372701556,177,0.0005154639175257732,False
gate0A_cp2_range_h120,A,0.7566030254084489,178,0.0005208333333333333,False
gate0A_g17_zn_hF,A,0.7589003680701404,179,0.0005263157894736842,False
gate0B_ZW_hF,B,0.762049674669803,180,0.0005319148936170213,False
gate0B_ZS_h120,B,0.763254057692144,181,0.0005376344086021505,False
gate0A_g10_logvol30_hF,A,0.7707134834681262,182,0.0005434782608695652,False
gate0A_k4_apipre_ret_h120,A,0.7729032176784901,183,0.0005494505494505495,False
gate0A_cp1_ret_hF,A,0.7737576231213907,184,0.0005555555555555556,False
gate0A_k3_ecbfix_msince_hF,A,0.7750682496076514,185,0.0005617977528089888,False
gate0A_k2_predrift_move_hF,A,0.7755344883731687,186,0.0005681818181818183,False
gate0B_6S_h60,B,0.7812753919605985,187,0.0005747126436781609,False
gate0A_g01_ret30_h120,A,0.7902453490727751,188,0.0005813953488372093,False
gate0A_k1_vwap_dist_h120,A,0.7956884110223537,189,0.0005882352941176471,False
gate0B_6B_hF,B,0.7970516661398819,190,0.0005952380952380953,False
gate0A_cp1_ret_h120,A,0.798357312759217,191,0.0006024096385542169,False
gate0B_UB_h120,B,0.801231072982307,192,0.0006097560975609756,False
gate0A_k5_ovr_ret_hF,A,0.809231912096212,193,0.0006172839506172839,False
gate0A_g15_rel_day_hF,A,0.8104335726830358,194,0.000625,False
gate0A_k4_ovr_pct_h60,A,0.8124996954543269,195,0.0006329113924050633,False
gate0A_g11_t_index_h120,A,0.8175481898669227,196,0.000641025641025641,False
gate0B_M2K_hF,B,0.8226340726119383,197,0.0006493506493506494,False
gate0A_k5_ovr_ret_h60,A,0.8258969038737564,198,0.0006578947368421052,False
gate0B_MNQ_h60,B,0.8265935625067564,199,0.0006666666666666668,False
gate0A_k4_apipre_ret_hF,A,0.8276429444464031,200,0.0006756756756756757,False
gate0B_M2K_h60,B,0.8319552092019747,201,0.0006849315068493151,False
gate0B_6E_h120,B,0.8328803139718497,202,0.0006944444444444445,False
gate0A_k4_ngpre_mto_h60,A,0.8335285336405763,203,0.0007042253521126761,False
gate0B_ZF_h60,B,0.8336527991222972,204,0.0007142857142857143,False
gate0A_g01_ret30_h60,A,0.8396966066725571,205,0.0007246376811594203,False
gate0A_g17_mbt_hF,A,0.8430067005098559,206,0.0007352941176470588,False
gate0A_g09_vol_state_h120,A,0.8461594853823351,207,0.0007462686567164179,False
gate0A_k5_pmfix_move_hF,A,0.8469380858930451,208,0.0007575757575757576,False
gate0A_k4_eiamom_r3_h60,A,0.8524496609534956,209,0.0007692307692307692,False
gate0A_k2_fomc_mto_h60,A,0.8532673958940848,210,0.00078125,False
gate0B_ZM_h60,B,0.8620337211167508,211,0.0007936507936507937,False
gate0A_k5_preauc_msince_hF,A,0.8625274956103097,212,0.0008064516129032258,False
gate0A_k5_ovr_pct_h120,A,0.867038313519139,213,0.000819672131147541,False
gate0B_ZL_h60,B,0.8672065837487559,214,0.0008333333333333334,False
gate0B_ZL_h120,B,0.8714128581689435,215,0.0008474576271186442,False
gate0A_k5_pmfix_move_h60,A,0.8739971612253767,216,0.0008620689655172415,False
gate0A_k5_preauc_msince_h120,A,0.8746952347563217,217,0.0008771929824561404,False
gate0B_MHG_h120,B,0.8749311231967216,218,0.0008928571428571429,False
gate0B_MYM_hF,B,0.8762575526390238,219,0.0009090909090909091,False
gate0B_HE_h60,B,0.8777336280612207,220,0.000925925925925926,False
gate0A_g02_ret60_hF,A,0.880953427212019,221,0.0009433962264150943,False
gate0A_k2_fomc_mto_h120,A,0.8845506325908956,222,0.0009615384615384616,False
gate0A_g03_ret120_hF,A,0.8863120722269707,223,0.000980392156862745,False
gate0A_g12_dow_hF,A,0.8891765482691228,224,0.001,False
gate0A_k8_oilcad_z_h60,A,0.8898260079386611,225,0.0010204081632653062,False
gate0B_ZW_h120,B,0.8916229403942447,226,0.0010416666666666667,False
gate0B_UB_hF,B,0.9071552880173424,227,0.0010638297872340426,False
gate0A_k4_ovr_ret_h60,A,0.912458043050541,228,0.0010869565217391304,False
gate0B_MHG_hF,B,0.9199049307114058,229,0.0011111111111111111,False
gate0A_g17_nq_h120,A,0.919997684403375,230,0.0011363636363636365,False
gate0A_g12_dow_h120,A,0.9248818588864953,231,0.0011627906976744186,False
gate0B_6A_h120,B,0.9271329548910671,232,0.0011904761904761906,False
gate0A_k3_ldnrev_move_hF,A,0.9319393825245645,233,0.0012195121951219512,False
gate0A_k9_anncday_hF,A,0.9355744831531004,234,0.00125,False
gate0A_k4_apipre_ret_h60,A,0.9447257346234526,235,0.001282051282051282,False
gate0A_g03_ret120_h120,A,0.9458473286737192,236,0.0013157894736842105,False
gate0A_k9_anncday_h120,A,0.9483008882759866,237,0.0013513513513513514,False
gate0A_g10_logvol30_h60,A,0.9486517521949346,238,0.001388888888888889,False
gate0A_k2_auction_mto_h60,A,0.9518133260355784,239,0.0014285714285714286,False
gate0A_k4_ngpre_mto_h120,A,0.9543832546006532,240,0.0014705882352941176,False
gate0A_k5_pmfix_move_h120,A,0.9618070725827,241,0.0015151515151515152,False
gate0B_6S_hF,B,0.9622774638357466,242,0.0015625,False
gate0A_k1_vxn_regime_hF,A,0.9629152870859924,243,0.0016129032258064516,False
gate0A_k6_wasdepre_drift_h60,A,0.9700871770164187,244,0.0016666666666666668,False
gate0B_6N_h60,B,0.970270027759927,245,0.001724137931034483,False
gate0B_MYM_h120,B,0.9721893551605749,246,0.0017857142857142859,False
gate0A_g04_ret_day_hF,A,0.972323267102423,247,0.001851851851851852,False
gate0A_cp1_ret_h60,A,0.9730674921911826,248,0.0019230769230769232,False
gate0A_k3_tkypre_msince_h60,A,0.9802224029323071,249,0.002,False
gate0B_MHG_h60,B,0.9847356832007468,250,0.0020833333333333333,False
gate0A_g17_zc_h60,A,0.9926937932482451,251,0.002173913043478261,False
gate0B_M2K_h120,B,0.9951452316985775,252,0.002272727272727273,False
gate0A_g17_cl_h60,A,0.9954760475909116,253,0.002380952380952381,False
gate0B_MNQ_h120,B,0.9960654913913742,254,0.0025,False
gate0A_g17_zc_h120,A,0.9967217972212423,255,0.002631578947368421,False
gate0A_k3_ecbfix_mto_h120,A,1.0,256,0.002777777777777778,False
gate0A_k3_ecbfix_mto_h60,A,1.0,257,0.0029411764705882353,False
gate0A_k3_ecbfix_mto_hF,A,1.0,258,0.003125,False
gate0A_k7_expiry_msince_h120,A,1.0,259,0.0033333333333333335,False
gate0A_k7_expiry_msince_h60,A,1.0,260,0.0035714285714285718,False
gate0A_k7_expiry_msince_hF,A,1.0,261,0.0038461538461538464,False
gate0A_k7_expiry_mto_h120,A,1.0,262,0.004166666666666667,False
gate0A_k7_expiry_mto_h60,A,1.0,263,0.004545454545454546,False
gate0A_k7_expiry_mto_hF,A,1.0,264,0.005,False
gate0A_k7_montrend_ret_h120,A,1.0,265,0.005555555555555556,False
gate0A_k7_montrend_ret_h60,A,1.0,266,0.00625,False
gate0A_k7_montrend_ret_hF,A,1.0,267,0.0071428571428571435,False
gate0A_k7_rev2h_ret_h120,A,1.0,268,0.008333333333333333,False
gate0A_k7_rev2h_ret_h60,A,1.0,269,0.01,False
gate0A_k7_rev2h_ret_hF,A,1.0,270,0.0125,False
gate0A_k8_wkndbtc_move_h120,A,1.0,271,0.016666666666666666,False
gate0A_k8_wkndbtc_move_h60,A,1.0,272,0.025,False
gate0A_k8_wkndbtc_move_hF,A,1.0,273,0.05,False
