row,root,path,trade_date,decision_utc,per_unit,open_entry,open_h60,open_h120,bar_trade_dates,panel_entry_price,my_y_h60,panel_y_h60,my_y_h120,panel_y_h120,entry_match,h60_match,h120_match
4046,6B,6B,2020-03-25,2020-03-25 17:50:00+00:00,10000.0,1.1832,1.1894,1.1898,['2020-03-25'],1.1832,61.99999999999983,61.99999999999983,65.99999999999939,65.99999999999939,True,True,True
6238,ZM,ZM,2020-05-20,2020-05-20 14:00:00+00:00,10.0,286.0,285.9,286.3,['2020-05-20'],286.0,-1.0000000000002274,-1.0000000000002274,3.0000000000001137,3.0000000000001137,True,True,True
9909,6C,6C,2020-09-01,2020-09-01 12:50:00+00:00,20000.0,0.7677,0.76635,0.76475,['2020-09-01'],0.7677,-27.000000000001467,-27.000000000001467,-59.00000000000016,-59.00000000000016,True,True,True
9942,MGC,GC,2020-09-01,2020-09-01 15:20:00+00:00,10.0,1984.3,1982.5,1978.6,['2020-09-01'],1984.3,-17.999999999999545,-17.999999999999545,-57.000000000000455,-57.000000000000455,True,True,True
9992,LE,LE,2020-09-02,2020-09-02 15:00:00+00:00,40.0,104.075,103.875,104.475,['2020-09-02'],104.075,-8.000000000000114,-8.000000000000114,15.999999999999659,15.999999999999659,True,True,True
13298,MCL,CL,2020-11-17,2020-11-17 16:30:00+00:00,100.0,40.88,41.09,41.09,['2020-11-17'],40.88,21.000000000000085,21.000000000000085,21.000000000000085,21.000000000000085,True,True,True
19137,6J,6J,2021-04-08,2021-04-08 17:50:00+00:00,2000000.0,0.00916,0.009158,0.009153,['2021-04-08'],0.00916,-4.000000000000531,-4.000000000000531,-14.000000000000124,-14.000000000000124,True,True,True
23828,UB,UB,2021-07-23,2021-07-23 15:20:00+00:00,32.0,197.96875,198.21875,198.09375,['2021-07-23'],197.96875,8.0,8.0,4.0,4.0,True,True,True
25620,ZL,ZL,2021-09-02,2021-09-02 16:00:00+00:00,100.0,58.9,58.74,58.79,['2021-09-02'],58.9,-15.999999999999659,-15.999999999999659,-10.999999999999943,-10.999999999999943,True,True,True
26207,NG,NG,2021-09-17,2021-09-17 18:00:00+00:00,1000.0,5.145,5.057,5.056,['2021-09-17'],5.145,-87.99999999999919,-87.99999999999919,-88.99999999999952,-88.99999999999952,True,True,True
28505,MHG,HG,2021-11-05,2021-11-05 15:10:00+00:00,2000.0,4.343,4.3385,4.3305,['2021-11-05'],4.343,-9.000000000000341,-9.000000000000341,-25.000000000000355,-25.000000000000355,True,True,True
28945,TN,TN,2021-11-16,2021-11-16 13:50:00+00:00,64.0,144.609375,144.6875,144.8125,['2021-11-16'],144.609375,5.0,5.0,13.0,13.0,True,True,True
31339,ZC,ZC,2022-01-13,2022-01-13 15:00:00+00:00,4.0,592.25,590.0,589.5,['2022-01-13'],592.25,-9.0,-9.0,-11.0,-11.0,True,True,True
36848,6E,6E,2022-05-12,2022-05-12 17:50:00+00:00,20000.0,1.03745,1.0381,1.03845,['2022-05-12'],1.03745,13.000000000000789,13.000000000000789,20.000000000002238,20.000000000002238,True,True,True
37353,ZN,ZN,2022-05-23,2022-05-23 17:50:00+00:00,64.0,119.578125,119.578125,119.5625,['2022-05-23'],119.578125,0.0,0.0,-1.0,-1.0,True,True,True
37695,M2K,RTY,2022-06-01,2022-06-01 14:00:00+00:00,10.0,1861.6,1848.3,1829.8,['2022-06-01'],1861.6,-132.99999999999955,-132.99999999999955,-317.99999999999955,-317.99999999999955,True,True,True
39274,ZB,ZB,2022-07-06,2022-07-06 15:20:00+00:00,32.0,140.15625,139.8125,139.90625,['2022-07-06'],140.15625,-11.0,-11.0,-8.0,-8.0,True,True,True
47503,MYM,YM,2022-12-16,2022-12-16 17:00:00+00:00,1.0,32944.0,32879.0,32944.0,['2022-12-16'],32944.0,-65.0,-65.0,0.0,0.0,True,True,True
52992,ZF,ZF,2023-04-12,2023-04-12 17:50:00+00:00,128.0,109.9609375,110.09375,110.0859375,['2023-04-12'],109.9609375,17.0,17.0,16.0,16.0,True,True,True
59724,MCL,CL,2023-08-31,2023-08-31 18:00:00+00:00,100.0,83.27,83.35,83.54,['2023-08-31'],83.27,7.9999999999998295,7.9999999999998295,27.000000000001023,27.000000000001023,True,True,True
